run_id,electricity_demand_multiplier_tx,natural_gas_price_west_south_central,battery_capcost,battery_capcost_energy,coal_igcc_capcost,coal_igcc_fom,coal_igcc_vom,coal_new_capcost,coal_new_fom,coal_new_vom,coal_ccs_capcost,coal_ccs_fom,coal_ccs_vom,coal_ccs_heatrate,csp_capcost,csp_fom,csp_vom,gas_cc_capcost,gas_cc_fom,gas_cc_vom,gas_cc_heatrate,gas_ccs_capcost,gas_ccs_fom,gas_ccs_vom,gas_ccs_heatrate,nuclear_capcost,nuclear_fom,nuclear_vom,cf_mult_shared_offshore_wind_fixed_and_floating,offshore_wind_fixed_overnight_cap_cost,offshore_wind_fixed_fixed_oandm,offshore_wind_floating_overnight_cap_cost,offshore_wind_floating_fixed_oandm,onshore_wind_cf_mult,onshore_wind_overnight_cap_cost_kw,onshore_wind_fixed_oandm_kw_yr,upv_capcost,upv_fom,upv_cf_improvement,trajectory,step,changed_factor
0,0.9579,1.11522,0.6590199999999999,0.8124,0.99442,0.9724,0.9724,0.9738,0.9863,0.9853,0.98038,0.99446,0.9572799999999999,0.98772,0.94588,0.8209,1.09826,0.9945200000000001,0.99088,0.9937,0.9731,0.92482,0.8572,0.8858,0.955,1.03488,0.89828,0.6786,0.9805,0.9998,0.9212,0.85004,0.95478,0.9972199999999999,1.02284,0.8218,1.0062,0.99514,0.939,0,0,
1,0.9579,1.11522,0.6590199999999999,0.8124,0.99442,0.9724,0.9724,0.9738,0.9863,0.9853,0.98038,0.99446,0.9572799999999999,0.98772,0.94588,0.8209,1.09826,0.9945200000000001,0.99088,0.9937,0.9731,0.92482,0.8572,0.8858,0.955,1.03488,0.89828,1.0000200000000001,0.9805,0.9998,0.9212,0.85004,0.95478,0.9972199999999999,1.02284,0.8218,1.0062,0.99514,0.939,0,1,nuclear_vom
2,0.9579,1.11522,0.6590199999999999,0.8124,0.99442,0.9724,0.9724,0.9738,0.9863,0.9853,0.98038,0.99446,0.9572799999999999,0.98772,0.94588,0.8209,1.09826,0.9945200000000001,0.99088,0.9937,0.9731,0.92482,0.8572,0.8858,0.955,1.03488,0.89828,1.0000200000000001,0.9805,0.9998,0.9212,1.3229600000000001,0.95478,0.9972199999999999,1.02284,0.8218,1.0062,0.99514,0.939,0,2,offshore_wind_floating_overnight_cap_cost
3,0.9579,1.11522,0.6590199999999999,0.8124,0.99442,0.9724,0.9724,0.9738,0.9863,0.9853,1.01962,0.99446,0.9572799999999999,0.98772,0.94588,0.8209,1.09826,0.9945200000000001,0.99088,0.9937,0.9731,0.92482,0.8572,0.8858,0.955,1.03488,0.89828,1.0000200000000001,0.9805,0.9998,0.9212,1.3229600000000001,0.95478,0.9972199999999999,1.02284,0.8218,1.0062,0.99514,0.939,0,3,coal_ccs_capcost
4,0.9579,1.11522,0.6590199999999999,0.8124,0.99442,0.9724,0.9724,0.9738,0.9863,0.9853,1.01962,0.99446,0.9572799999999999,0.98772,0.94588,0.8209,1.09826,0.9945200000000001,0.99088,0.9937,0.9731,0.92482,0.8572,0.8858,0.955,1.03488,0.89828,1.0000200000000001,0.9805,0.9998,0.9212,1.3229600000000001,0.95478,0.9972199999999999,1.1495,0.8218,1.0062,0.99514,0.939,0,4,onshore_wind_overnight_cap_cost_kw
5,0.9579,1.11522,0.6590199999999999,0.8124,0.99442,0.9724,0.9724,0.9738,0.9863,0.9853,1.01962,0.99446,0.9572799999999999,0.98772,0.94588,0.8209,1.09826,0.9945200000000001,0.99088,0.9937,0.9731,0.92482,1.0285,0.8858,0.955,1.03488,0.89828,1.0000200000000001,0.9805,0.9998,0.9212,1.3229600000000001,0.95478,0.9972199999999999,1.1495,0.8218,1.0062,0.99514,0.939,0,5,gas_ccs_fom
6,0.9579,1.11522,0.6590199999999999,0.8124,0.99442,0.9724,0.9724,0.9738,0.9863,0.9853,1.01962,0.99446,0.9572799999999999,0.98772,0.94588,0.8209,1.09826,0.9945200000000001,0.99088,0.9937,0.9731,0.92482,1.0285,0.8858,0.955,1.03488,0.89828,1.0000200000000001,0.9805,0.9998,0.9212,1.3229600000000001,0.95478,0.9972199999999999,1.1495,0.8218,1.0062,1.1332,0.939,0,6,upv_fom
7,0.9579,1.11522,0.6590199999999999,0.8124,0.99442,0.9724,0.9724,0.9738,0.9863,0.9853,1.01962,0.99446,0.9572799999999999,0.98772,0.94588,0.8209,1.09826,0.9945200000000001,0.99088,0.9937,0.9731,0.92482,1.0285,0.8858,0.955,1.03488,1.1657,1.0000200000000001,0.9805,0.9998,0.9212,1.3229600000000001,0.95478,0.9972199999999999,1.1495,0.8218,1.0062,1.1332,0.939,0,7,nuclear_fom
8,0.9579,1.11522,0.6590199999999999,0.8124,0.99442,0.9724,0.9724,0.9738,0.9863,0.9853,1.01962,0.99446,0.9572799999999999,0.98772,0.94588,1.13548,1.09826,0.9945200000000001,0.99088,0.9937,0.9731,0.92482,1.0285,0.8858,0.955,1.03488,1.1657,1.0000200000000001,0.9805,0.9998,0.9212,1.3229600000000001,0.95478,0.9972199999999999,1.1495,0.8218,1.0062,1.1332,0.939,0,8,csp_fom
9,0.9579,1.11522,0.6590199999999999,0.8124,0.99442,0.9724,0.9724,0.9738,0.9863,0.9853,1.01962,1.028,0.9572799999999999,0.98772,0.94588,1.13548,1.09826,0.9945200000000001,0.99088,0.9937,0.9731,0.92482,1.0285,0.8858,0.955,1.03488,1.1657,1.0000200000000001,0.9805,0.9998,0.9212,1.3229600000000001,0.95478,0.9972199999999999,1.1495,0.8218,1.0062,1.1332,0.939,0,9,coal_ccs_fom
10,0.9579,1.11522,0.6590199999999999,0.8124,0.99442,0.9724,0.9724,0.9738,0.9863,0.9853,1.01962,1.028,0.9572799999999999,0.98772,0.94588,1.13548,1.09826,0.9945200000000001,0.99088,0.9937,0.9731,0.92482,1.0285,0.8858,0.955,1.03488,1.1657,1.0000200000000001,1.0348,0.9998,0.9212,1.3229600000000001,0.95478,0.9972199999999999,1.1495,0.8218,1.0062,1.1332,0.939,0,10,cf_mult_shared_offshore_wind_fixed_and_floating
11,0.9579,1.11522,0.6590199999999999,0.8124,0.99442,0.9724,0.9724,0.9738,0.9863,0.9853,1.01962,1.028,0.9572799999999999,0.98772,0.94588,1.13548,1.09826,0.9945200000000001,0.99088,0.9937,0.9731,1.07518,1.0285,0.8858,0.955,1.03488,1.1657,1.0000200000000001,1.0348,0.9998,0.9212,1.3229600000000001,0.95478,0.9972199999999999,1.1495,0.8218,1.0062,1.1332,0.939,0,11,gas_ccs_capcost
12,0.9579,1.11522,0.6590199999999999,0.8124,0.99442,0.9724,0.9724,0.9738,0.9863,0.9853,1.01962,1.028,0.9572799999999999,0.98772,0.94588,1.13548,1.09826,0.9945200000000001,0.99088,0.9937,0.9731,1.07518,1.0285,0.8858,0.955,1.03488,1.1657,1.0000200000000001,1.0348,0.9998,0.9212,1.3229600000000001,0.95478,0.9972199999999999,1.1495,0.97384,1.0062,1.1332,0.939,0,12,onshore_wind_fixed_oandm_kw_yr
13,0.9579,1.11522,0.6590199999999999,0.8124,0.99442,0.9724,0.9724,0.9738,0.9863,0.9853,1.01962,1.028,0.9572799999999999,0.98772,0.94588,1.13548,1.09826,0.9945200000000001,0.99088,0.9937,0.9731,1.07518,1.0285,0.8858,0.955,1.03488,1.1657,1.0000200000000001,1.0348,0.9998,0.9212,1.3229600000000001,0.95478,0.9972199999999999,1.1495,0.97384,1.1781,1.1332,0.939,0,13,upv_capcost
14,0.9579,1.11522,0.6590199999999999,0.8124,0.99442,0.9724,0.9724,0.9738,0.9863,0.9853,1.01962,1.028,0.9572799999999999,0.98772,0.94588,1.13548,1.09826,1.0277,0.99088,0.9937,0.9731,1.07518,1.0285,0.8858,0.955,1.03488,1.1657,1.0000200000000001,1.0348,0.9998,0.9212,1.3229600000000001,0.95478,0.9972199999999999,1.1495,0.97384,1.1781,1.1332,0.939,0,14,gas_cc_capcost
15,0.9579,1.11522,0.6590199999999999,0.8124,0.99442,0.9724,0.9724,0.9738,0.9863,0.9853,1.01962,1.028,0.9572799999999999,1.059,0.94588,1.13548,1.09826,1.0277,0.99088,0.9937,0.9731,1.07518,1.0285,0.8858,0.955,1.03488,1.1657,1.0000200000000001,1.0348,0.9998,0.9212,1.3229600000000001,0.95478,0.9972199999999999,1.1495,0.97384,1.1781,1.1332,0.939,0,15,coal_ccs_heatrate
16,0.9579,1.11522,0.6590199999999999,0.8124,0.99442,0.9724,0.9724,0.9738,0.9863,0.9853,1.01962,1.028,0.9572799999999999,1.059,0.94588,1.13548,1.09826,1.0277,0.99088,0.9937,0.9731,1.07518,1.0285,1.02296,0.955,1.03488,1.1657,1.0000200000000001,1.0348,0.9998,0.9212,1.3229600000000001,0.95478,0.9972199999999999,1.1495,0.97384,1.1781,1.1332,0.939,0,16,gas_ccs_vom
17,0.9579,1.11522,0.6590199999999999,0.8124,0.99442,0.9724,0.9724,0.9738,0.9863,1.00336,1.01962,1.028,0.9572799999999999,1.059,0.94588,1.13548,1.09826,1.0277,0.99088,0.9937,0.9731,1.07518,1.0285,1.02296,0.955,1.03488,1.1657,1.0000200000000001,1.0348,0.9998,0.9212,1.3229600000000001,0.95478,0.9972199999999999,1.1495,0.97384,1.1781,1.1332,0.939,0,17,coal_new_vom
18,0.9579,1.11522,0.97888,0.8124,0.99442,0.9724,0.9724,0.9738,0.9863,1.00336,1.01962,1.028,0.9572799999999999,1.059,0.94588,1.13548,1.09826,1.0277,0.99088,0.9937,0.9731,1.07518,1.0285,1.02296,0.955,1.03488,1.1657,1.0000200000000001,1.0348,0.9998,0.9212,1.3229600000000001,0.95478,0.9972199999999999,1.1495,0.97384,1.1781,1.1332,0.939,0,18,battery_capcost
19,0.9579,1.11522,0.97888,0.8124,0.99442,0.9724,0.9724,0.9738,0.9863,1.00336,1.01962,1.028,0.9572799999999999,1.059,0.94588,1.13548,1.09826,1.0277,0.99088,0.9937,0.9731,1.07518,1.0285,1.02296,0.955,1.03488,1.1657,1.0000200000000001,1.0348,0.9998,1.0466000000000002,1.3229600000000001,0.95478,0.9972199999999999,1.1495,0.97384,1.1781,1.1332,0.939,0,19,offshore_wind_fixed_fixed_oandm
20,1.00854,1.11522,0.97888,0.8124,0.99442,0.9724,0.9724,0.9738,0.9863,1.00336,1.01962,1.028,0.9572799999999999,1.059,0.94588,1.13548,1.09826,1.0277,0.99088,0.9937,0.9731,1.07518,1.0285,1.02296,0.955,1.03488,1.1657,1.0000200000000001,1.0348,0.9998,1.0466000000000002,1.3229600000000001,0.95478,0.9972199999999999,1.1495,0.97384,1.1781,1.1332,0.939,0,20,electricity_demand_multiplier_tx
21,1.00854,1.11522,0.97888,0.8124,0.99442,0.9724,0.9724,1.0058399999999998,0.9863,1.00336,1.01962,1.028,0.9572799999999999,1.059,0.94588,1.13548,1.09826,1.0277,0.99088,0.9937,0.9731,1.07518,1.0285,1.02296,0.955,1.03488,1.1657,1.0000200000000001,1.0348,0.9998,1.0466000000000002,1.3229600000000001,0.95478,0.9972199999999999,1.1495,0.97384,1.1781,1.1332,0.939,0,21,coal_new_capcost
22,1.00854,1.11522,0.97888,0.8124,0.99442,0.9724,0.9724,1.0058399999999998,0.9863,1.00336,1.01962,1.028,0.9572799999999999,1.059,0.94588,1.13548,1.09826,1.0277,0.99088,0.9937,0.9731,1.07518,1.0285,1.02296,0.955,1.4511,1.1657,1.0000200000000001,1.0348,0.9998,1.0466000000000002,1.3229600000000001,0.95478,0.9972199999999999,1.1495,0.97384,1.1781,1.1332,0.939,0,22,nuclear_capcost
23,1.00854,1.11522,0.97888,0.8124,0.99442,0.9724,0.9724,1.0058399999999998,0.9863,1.00336,1.01962,1.028,0.9572799999999999,1.059,0.94588,1.13548,1.09826,1.0277,0.99088,0.9937,0.9731,1.07518,1.0285,1.02296,0.955,1.4511,1.1657,1.0000200000000001,1.0348,0.9998,1.0466000000000002,1.3229600000000001,1.0768199999999999,0.9972199999999999,1.1495,0.97384,1.1781,1.1332,0.939,0,23,offshore_wind_floating_fixed_oandm
24,1.00854,1.11522,0.97888,0.8124,0.99442,0.9724,0.9724,1.0058399999999998,0.9863,1.00336,1.01962,1.028,0.9572799999999999,1.059,0.94588,1.13548,1.09826,1.0277,0.99088,0.9937,1.00544,1.07518,1.0285,1.02296,0.955,1.4511,1.1657,1.0000200000000001,1.0348,0.9998,1.0466000000000002,1.3229600000000001,1.0768199999999999,0.9972199999999999,1.1495,0.97384,1.1781,1.1332,0.939,0,24,gas_cc_heatrate
25,1.00854,1.11522,0.97888,0.8124,0.99442,0.9724,1.00588,1.0058399999999998,0.9863,1.00336,1.01962,1.028,0.9572799999999999,1.059,0.94588,1.13548,1.09826,1.0277,0.99088,0.9937,1.00544,1.07518,1.0285,1.02296,0.955,1.4511,1.1657,1.0000200000000001,1.0348,0.9998,1.0466000000000002,1.3229600000000001,1.0768199999999999,0.9972199999999999,1.1495,0.97384,1.1781,1.1332,0.939,0,25,coal_igcc_vom
26,1.00854,1.11522,0.97888,0.8124,0.99442,0.9724,1.00588,1.0058399999999998,0.9863,1.00336,1.01962,1.028,0.9572799999999999,1.059,0.94588,1.13548,1.286,1.0277,0.99088,0.9937,1.00544,1.07518,1.0285,1.02296,0.955,1.4511,1.1657,1.0000200000000001,1.0348,0.9998,1.0466000000000002,1.3229600000000001,1.0768199999999999,0.9972199999999999,1.1495,0.97384,1.1781,1.1332,0.939,0,26,csp_vom
27,1.00854,1.11522,0.97888,1.1687400000000001,0.99442,0.9724,1.00588,1.0058399999999998,0.9863,1.00336,1.01962,1.028,0.9572799999999999,1.059,0.94588,1.13548,1.286,1.0277,0.99088,0.9937,1.00544,1.07518,1.0285,1.02296,0.955,1.4511,1.1657,1.0000200000000001,1.0348,0.9998,1.0466000000000002,1.3229600000000001,1.0768199999999999,0.9972199999999999,1.1495,0.97384,1.1781,1.1332,0.939,0,27,battery_capcost_energy
28,1.00854,1.7787,0.97888,1.1687400000000001,0.99442,0.9724,1.00588,1.0058399999999998,0.9863,1.00336,1.01962,1.028,0.9572799999999999,1.059,0.94588,1.13548,1.286,1.0277,0.99088,0.9937,1.00544,1.07518,1.0285,1.02296,0.955,1.4511,1.1657,1.0000200000000001,1.0348,0.9998,1.0466000000000002,1.3229600000000001,1.0768199999999999,0.9972199999999999,1.1495,0.97384,1.1781,1.1332,0.939,0,28,natural_gas_price_west_south_central
29,1.00854,1.7787,0.97888,1.1687400000000001,0.99442,0.9724,1.00588,1.0058399999999998,0.9863,1.00336,1.01962,1.028,0.9572799999999999,1.059,1.3946200000000002,1.13548,1.286,1.0277,0.99088,0.9937,1.00544,1.07518,1.0285,1.02296,0.955,1.4511,1.1657,1.0000200000000001,1.0348,0.9998,1.0466000000000002,1.3229600000000001,1.0768199999999999,0.9972199999999999,1.1495,0.97384,1.1781,1.1332,0.939,0,29,csp_capcost
30,1.00854,1.7787,0.97888,1.1687400000000001,1.0297,0.9724,1.00588,1.0058399999999998,0.9863,1.00336,1.01962,1.028,0.9572799999999999,1.059,1.3946200000000002,1.13548,1.286,1.0277,0.99088,0.9937,1.00544,1.07518,1.0285,1.02296,0.955,1.4511,1.1657,1.0000200000000001,1.0348,0.9998,1.0466000000000002,1.3229600000000001,1.0768199999999999,0.9972199999999999,1.1495,0.97384,1.1781,1.1332,0.939,0,30,coal_igcc_capcost
31,1.00854,1.7787,0.97888,1.1687400000000001,1.0297,0.9724,1.00588,1.0058399999999998,0.9863,1.00336,1.01962,1.028,0.9572799999999999,1.059,1.3946200000000002,1.13548,1.286,1.0277,0.99088,0.9937,1.00544,1.07518,1.0285,1.02296,0.955,1.4511,1.1657,1.0000200000000001,1.0348,1.3223,1.0466000000000002,1.3229600000000001,1.0768199999999999,0.9972199999999999,1.1495,0.97384,1.1781,1.1332,0.939,0,31,offshore_wind_fixed_overnight_cap_cost
32,1.00854,1.7787,0.97888,1.1687400000000001,1.0297,0.9724,1.00588,1.0058399999999998,0.9863,1.00336,1.01962,1.028,0.9572799999999999,1.059,1.3946200000000002,1.13548,1.286,1.0277,0.99088,0.9937,1.00544,1.07518,1.0285,1.02296,0.955,1.4511,1.1657,1.0000200000000001,1.0348,1.3223,1.0466000000000002,1.3229600000000001,1.0768199999999999,0.9972199999999999,1.1495,0.97384,1.1781,1.1332,1.00308,0,32,upv_cf_improvement
33,1.00854,1.7787,0.97888,1.1687400000000001,1.0297,0.9724,1.00588,1.0058399999999998,0.9863,1.00336,1.01962,1.028,0.9572799999999999,1.059,1.3946200000000002,1.13548,1.286,1.0277,0.99088,1.0327,1.00544,1.07518,1.0285,1.02296,0.955,1.4511,1.1657,1.0000200000000001,1.0348,1.3223,1.0466000000000002,1.3229600000000001,1.0768199999999999,0.9972199999999999,1.1495,0.97384,1.1781,1.1332,1.00308,0,33,gas_cc_vom
34,1.00854,1.7787,0.97888,1.1687400000000001,1.0297,0.9724,1.00588,1.0058399999999998,0.9863,1.00336,1.01962,1.028,0.9572799999999999,1.059,1.3946200000000002,1.13548,1.286,1.0277,1.0522,1.0327,1.00544,1.07518,1.0285,1.02296,0.955,1.4511,1.1657,1.0000200000000001,1.0348,1.3223,1.0466000000000002,1.3229600000000001,1.0768199999999999,0.9972199999999999,1.1495,0.97384,1.1781,1.1332,1.00308,0,34,gas_cc_fom
35,1.00854,1.7787,0.97888,1.1687400000000001,1.0297,0.9724,1.00588,1.0058399999999998,1.0139,1.00336,1.01962,1.028,0.9572799999999999,1.059,1.3946200000000002,1.13548,1.286,1.0277,1.0522,1.0327,1.00544,1.07518,1.0285,1.02296,0.955,1.4511,1.1657,1.0000200000000001,1.0348,1.3223,1.0466000000000002,1.3229600000000001,1.0768199999999999,0.9972199999999999,1.1495,0.97384,1.1781,1.1332,1.00308,0,35,coal_new_fom
36,1.00854,1.7787,0.97888,1.1687400000000001,1.0297,0.9724,1.00588,1.0058399999999998,1.0139,1.00336,1.01962,1.028,0.9572799999999999,1.059,1.3946200000000002,1.13548,1.286,1.0277,1.0522,1.0327,1.00544,1.07518,1.0285,1.02296,1.009,1.4511,1.1657,1.0000200000000001,1.0348,1.3223,1.0466000000000002,1.3229600000000001,1.0768199999999999,0.9972199999999999,1.1495,0.97384,1.1781,1.1332,1.00308,0,36,gas_ccs_heatrate
37,1.00854,1.7787,0.97888,1.1687400000000001,1.0297,0.9724,1.00588,1.0058399999999998,1.0139,1.00336,1.01962,1.028,1.0427199999999999,1.059,1.3946200000000002,1.13548,1.286,1.0277,1.0522,1.0327,1.00544,1.07518,1.0285,1.02296,1.009,1.4511,1.1657,1.0000200000000001,1.0348,1.3223,1.0466000000000002,1.3229600000000001,1.0768199999999999,0.9972199999999999,1.1495,0.97384,1.1781,1.1332,1.00308,0,37,coal_ccs_vom
38,1.00854,1.7787,0.97888,1.1687400000000001,1.0297,1.00588,1.00588,1.0058399999999998,1.0139,1.00336,1.01962,1.028,1.0427199999999999,1.059,1.3946200000000002,1.13548,1.286,1.0277,1.0522,1.0327,1.00544,1.07518,1.0285,1.02296,1.009,1.4511,1.1657,1.0000200000000001,1.0348,1.3223,1.0466000000000002,1.3229600000000001,1.0768199999999999,0.9972199999999999,1.1495,0.97384,1.1781,1.1332,1.00308,0,38,coal_igcc_fom
39,1.00854,1.7787,0.97888,1.1687400000000001,1.0297,1.00588,1.00588,1.0058399999999998,1.0139,1.00336,1.01962,1.028,1.0427199999999999,1.059,1.3946200000000002,1.13548,1.286,1.0277,1.0522,1.0327,1.00544,1.07518,1.0285,1.02296,1.009,1.4511,1.1657,1.0000200000000001,1.0348,1.3223,1.0466000000000002,1.3229600000000001,1.0768199999999999,1.0634,1.1495,0.97384,1.1781,1.1332,1.00308,0,39,onshore_wind_cf_mult
40,0.97478,0.8940600000000001,0.6590199999999999,1.04996,0.9709,0.99472,0.98356,0.98448,0.9863,0.9853,0.99346,0.9721,0.9572799999999999,0.9402,0.7963,0.9257599999999999,0.9731,0.9945200000000001,0.99088,0.9937,0.9731,0.8747,0.9143,0.9772400000000001,0.955,0.7574,0.89828,0.6786,0.9986,0.7848,0.9212,0.6924,0.99546,0.9972199999999999,0.98062,0.8724799999999999,1.0062,0.9031,0.98172,1,0,
41,0.97478,0.8940600000000001,0.6590199999999999,1.04996,0.9709,0.99472,0.98356,0.98448,0.9863,0.9853,0.99346,0.9721,0.9572799999999999,0.9402,0.7963,0.9257599999999999,0.9731,0.9945200000000001,0.99088,0.9937,0.9731,0.8747,0.9143,0.9772400000000001,0.955,0.7574,0.89828,0.6786,0.9986,0.7848,0.9212,0.6924,1.1175,0.9972199999999999,0.98062,0.8724799999999999,1.0062,0.9031,0.98172,1,1,offshore_wind_floating_fixed_oandm
42,0.97478,0.8940600000000001,0.6590199999999999,1.04996,0.9709,0.99472,0.98356,0.98448,0.9863,0.9853,0.99346,0.9721,0.9572799999999999,0.9402,0.7963,0.9257599999999999,0.9731,0.9945200000000001,0.99088,0.9937,0.9731,0.8747,0.9143,0.9772400000000001,0.955,0.7574,0.89828,1.0000200000000001,0.9986,0.7848,0.9212,0.6924,1.1175,0.9972199999999999,0.98062,0.8724799999999999,1.0062,0.9031,0.98172,1,2,nuclear_vom
43,0.97478,0.8940600000000001,0.6590199999999999,1.04996,0.9709,0.99472,0.98356,0.98448,0.9863,0.9853,0.99346,0.9721,0.9572799999999999,0.9402,0.7963,0.9257599999999999,0.9731,0.9945200000000001,0.99088,0.9937,0.9731,0.8747,0.9143,0.9772400000000001,0.955,0.7574,0.89828,1.0000200000000001,0.9986,0.7848,0.9212,0.6924,1.1175,1.0634,0.98062,0.8724799999999999,1.0062,0.9031,0.98172,1,3,onshore_wind_cf_mult
44,0.97478,0.8940600000000001,0.6590199999999999,1.04996,0.9709,0.99472,0.98356,0.98448,0.9863,0.9853,0.99346,0.9721,1.0427199999999999,0.9402,0.7963,0.9257599999999999,0.9731,0.9945200000000001,0.99088,0.9937,0.9731,0.8747,0.9143,0.9772400000000001,0.955,0.7574,0.89828,1.0000200000000001,0.9986,0.7848,0.9212,0.6924,1.1175,1.0634,0.98062,0.8724799999999999,1.0062,0.9031,0.98172,1,4,coal_ccs_vom
45,0.97478,0.8940600000000001,0.6590199999999999,1.04996,0.9709,0.99472,0.98356,0.98448,0.9863,0.9853,0.99346,0.9721,1.0427199999999999,0.9402,0.7963,0.9257599999999999,0.9731,0.9945200000000001,1.0522,0.9937,0.9731,0.8747,0.9143,0.9772400000000001,0.955,0.7574,0.89828,1.0000200000000001,0.9986,0.7848,0.9212,0.6924,1.1175,1.0634,0.98062,0.8724799999999999,1.0062,0.9031,0.98172,1,5,gas_cc_fom
46,0.97478,0.8940600000000001,0.6590199999999999,1.04996,0.9709,0.99472,0.98356,0.98448,0.9863,0.9853,0.99346,0.9721,1.0427199999999999,0.9402,0.7963,0.9257599999999999,0.9731,0.9945200000000001,1.0522,0.9937,0.9731,0.8747,0.9143,0.9772400000000001,0.955,0.7574,0.89828,1.0000200000000001,0.9986,0.7848,0.9212,0.6924,1.1175,1.0634,0.98062,1.0245199999999999,1.0062,0.9031,0.98172,1,6,onshore_wind_fixed_oandm_kw_yr
47,0.97478,0.8940600000000001,0.6590199999999999,1.04996,0.9709,0.99472,0.98356,0.98448,0.9863,0.9853,0.99346,0.9721,1.0427199999999999,0.9402,0.7963,0.9257599999999999,1.16084,0.9945200000000001,1.0522,0.9937,0.9731,0.8747,0.9143,0.9772400000000001,0.955,0.7574,0.89828,1.0000200000000001,0.9986,0.7848,0.9212,0.6924,1.1175,1.0634,0.98062,1.0245199999999999,1.0062,0.9031,0.98172,1,7,csp_vom
48,0.97478,0.8940600000000001,0.6590199999999999,1.04996,0.9709,0.99472,0.98356,0.98448,0.9863,0.9853,0.99346,0.9721,1.0427199999999999,0.9402,0.7963,0.9257599999999999,1.16084,0.9945200000000001,1.0522,0.9937,0.9731,0.8747,0.9143,0.9772400000000001,0.955,0.7574,0.89828,1.0000200000000001,0.9986,0.7848,0.9212,0.6924,1.1175,1.0634,1.10728,1.0245199999999999,1.0062,0.9031,0.98172,1,8,onshore_wind_overnight_cap_cost_kw
49,0.97478,0.8940600000000001,0.6590199999999999,1.04996,0.9709,0.99472,0.98356,0.98448,0.9863,0.9853,1.0327,0.9721,1.0427199999999999,0.9402,0.7963,0.9257599999999999,1.16084,0.9945200000000001,1.0522,0.9937,0.9731,0.8747,0.9143,0.9772400000000001,0.955,0.7574,0.89828,1.0000200000000001,0.9986,0.7848,0.9212,0.6924,1.1175,1.0634,1.10728,1.0245199999999999,1.0062,0.9031,0.98172,1,9,coal_ccs_capcost
50,0.97478,0.8940600000000001,0.6590199999999999,1.04996,0.9709,0.99472,0.98356,0.98448,0.9863,1.00336,1.0327,0.9721,1.0427199999999999,0.9402,0.7963,0.9257599999999999,1.16084,0.9945200000000001,1.0522,0.9937,0.9731,0.8747,0.9143,0.9772400000000001,0.955,0.7574,0.89828,1.0000200000000001,0.9986,0.7848,0.9212,0.6924,1.1175,1.0634,1.10728,1.0245199999999999,1.0062,0.9031,0.98172,1,10,coal_new_vom
51,0.97478,0.8940600000000001,0.6590199999999999,1.04996,0.9709,0.99472,0.98356,0.98448,0.9863,1.00336,1.0327,0.9721,1.0427199999999999,0.9402,1.2450400000000001,0.9257599999999999,1.16084,0.9945200000000001,1.0522,0.9937,0.9731,0.8747,0.9143,0.9772400000000001,0.955,0.7574,0.89828,1.0000200000000001,0.9986,0.7848,0.9212,0.6924,1.1175,1.0634,1.10728,1.0245199999999999,1.0062,0.9031,0.98172,1,11,csp_capcost
52,0.97478,0.8940600000000001,0.6590199999999999,1.04996,0.9709,0.99472,0.98356,1.0165199999999999,0.9863,1.00336,1.0327,0.9721,1.0427199999999999,0.9402,1.2450400000000001,0.9257599999999999,1.16084,0.9945200000000001,1.0522,0.9937,0.9731,0.8747,0.9143,0.9772400000000001,0.955,0.7574,0.89828,1.0000200000000001,0.9986,0.7848,0.9212,0.6924,1.1175,1.0634,1.10728,1.0245199999999999,1.0062,0.9031,0.98172,1,12,coal_new_capcost
53,0.97478,0.8940600000000001,0.6590199999999999,1.04996,0.9709,0.99472,0.98356,1.0165199999999999,0.9863,1.00336,1.0327,0.9721,1.0427199999999999,0.9402,1.2450400000000001,0.9257599999999999,1.16084,0.9945200000000001,1.0522,0.9937,0.9731,0.8747,0.9143,0.9772400000000001,0.955,0.7574,0.89828,1.0000200000000001,0.9986,1.1073,0.9212,0.6924,1.1175,1.0634,1.10728,1.0245199999999999,1.0062,0.9031,0.98172,1,13,offshore_wind_fixed_overnight_cap_cost
54,0.97478,0.8940600000000001,0.6590199999999999,1.04996,0.9709,0.99472,0.98356,1.0165199999999999,0.9863,1.00336,1.0327,0.9721,1.0427199999999999,0.9402,1.2450400000000001,0.9257599999999999,1.16084,0.9945200000000001,1.0522,1.0327,0.9731,0.8747,0.9143,0.9772400000000001,0.955,0.7574,0.89828,1.0000200000000001,0.9986,1.1073,0.9212,0.6924,1.1175,1.0634,1.10728,1.0245199999999999,1.0062,0.9031,0.98172,1,14,gas_cc_vom
55,0.97478,0.8940600000000001,0.6590199999999999,1.04996,0.9709,0.99472,0.98356,1.0165199999999999,1.0139,1.00336,1.0327,0.9721,1.0427199999999999,0.9402,1.2450400000000001,0.9257599999999999,1.16084,0.9945200000000001,1.0522,1.0327,0.9731,0.8747,0.9143,0.9772400000000001,0.955,0.7574,0.89828,1.0000200000000001,0.9986,1.1073,0.9212,0.6924,1.1175,1.0634,1.10728,1.0245199999999999,1.0062,0.9031,0.98172,1,15,coal_new_fom
56,0.97478,0.8940600000000001,0.6590199999999999,1.04996,0.9709,0.99472,0.98356,1.0165199999999999,1.0139,1.00336,1.0327,0.9721,1.0427199999999999,0.9402,1.2450400000000001,0.9257599999999999,1.16084,0.9945200000000001,1.0522,1.0327,0.9731,0.8747,0.9143,0.9772400000000001,0.955,1.17362,0.89828,1.0000200000000001,0.9986,1.1073,0.9212,0.6924,1.1175,1.0634,1.10728,1.0245199999999999,1.0062,0.9031,0.98172,1,16,nuclear_capcost
57,0.97478,0.8940600000000001,0.6590199999999999,1.04996,0.9709,0.99472,0.98356,1.0165199999999999,1.0139,1.00336,1.0327,0.9721,1.0427199999999999,0.9402,1.2450400000000001,0.9257599999999999,1.16084,0.9945200000000001,1.0522,1.0327,0.9731,0.8747,0.9143,0.9772400000000001,1.009,1.17362,0.89828,1.0000200000000001,0.9986,1.1073,0.9212,0.6924,1.1175,1.0634,1.10728,1.0245199999999999,1.0062,0.9031,0.98172,1,17,gas_ccs_heatrate
58,0.97478,0.8940600000000001,0.6590199999999999,1.04996,1.00618,0.99472,0.98356,1.0165199999999999,1.0139,1.00336,1.0327,0.9721,1.0427199999999999,0.9402,1.2450400000000001,0.9257599999999999,1.16084,0.9945200000000001,1.0522,1.0327,0.9731,0.8747,0.9143,0.9772400000000001,1.009,1.17362,0.89828,1.0000200000000001,0.9986,1.1073,0.9212,0.6924,1.1175,1.0634,1.10728,1.0245199999999999,1.0062,0.9031,0.98172,1,18,coal_igcc_capcost
59,0.97478,0.8940600000000001,0.6590199999999999,1.04996,1.00618,0.99472,0.98356,1.0165199999999999,1.0139,1.00336,1.0327,0.9721,1.0427199999999999,0.9402,1.2450400000000001,0.9257599999999999,1.16084,0.9945200000000001,1.0522,1.0327,0.9731,0.8747,0.9143,0.9772400000000001,1.009,1.17362,0.89828,1.0000200000000001,1.0529,1.1073,0.9212,0.6924,1.1175,1.0634,1.10728,1.0245199999999999,1.0062,0.9031,0.98172,1,19,cf_mult_shared_offshore_wind_fixed_and_floating
60,0.97478,0.8940600000000001,0.6590199999999999,1.04996,1.00618,0.99472,0.98356,1.0165199999999999,1.0139,1.00336,1.0327,0.9721,1.0427199999999999,0.9402,1.2450400000000001,0.9257599999999999,1.16084,0.9945200000000001,1.0522,1.0327,0.9731,0.8747,0.9143,0.9772400000000001,1.009,1.17362,1.1657,1.0000200000000001,1.0529,1.1073,0.9212,0.6924,1.1175,1.0634,1.10728,1.0245199999999999,1.0062,0.9031,0.98172,1,20,nuclear_fom
61,0.97478,0.8940600000000001,0.6590199999999999,1.04996,1.00618,0.99472,0.98356,1.0165199999999999,1.0139,1.00336,1.0327,1.00564,1.0427199999999999,0.9402,1.2450400000000001,0.9257599999999999,1.16084,0.9945200000000001,1.0522,1.0327,0.9731,0.8747,0.9143,0.9772400000000001,1.009,1.17362,1.1657,1.0000200000000001,1.0529,1.1073,0.9212,0.6924,1.1175,1.0634,1.10728,1.0245199999999999,1.0062,0.9031,0.98172,1,21,coal_ccs_fom
62,0.97478,0.8940600000000001,0.6590199999999999,1.04996,1.00618,0.99472,0.98356,1.0165199999999999,1.0139,1.00336,1.0327,1.00564,1.0427199999999999,0.9402,1.2450400000000001,0.9257599999999999,1.16084,0.9945200000000001,1.0522,1.0327,0.9731,0.8747,0.9143,1.1144,1.009,1.17362,1.1657,1.0000200000000001,1.0529,1.1073,0.9212,0.6924,1.1175,1.0634,1.10728,1.0245199999999999,1.0062,0.9031,0.98172,1,22,gas_ccs_vom
63,1.02542,0.8940600000000001,0.6590199999999999,1.04996,1.00618,0.99472,0.98356,1.0165199999999999,1.0139,1.00336,1.0327,1.00564,1.0427199999999999,0.9402,1.2450400000000001,0.9257599999999999,1.16084,0.9945200000000001,1.0522,1.0327,0.9731,0.8747,0.9143,1.1144,1.009,1.17362,1.1657,1.0000200000000001,1.0529,1.1073,0.9212,0.6924,1.1175,1.0634,1.10728,1.0245199999999999,1.0062,0.9031,0.98172,1,23,electricity_demand_multiplier_tx
64,1.02542,0.8940600000000001,0.6590199999999999,1.04996,1.00618,0.99472,0.98356,1.0165199999999999,1.0139,1.00336,1.0327,1.00564,1.0427199999999999,0.9402,1.2450400000000001,1.24034,1.16084,0.9945200000000001,1.0522,1.0327,0.9731,0.8747,0.9143,1.1144,1.009,1.17362,1.1657,1.0000200000000001,1.0529,1.1073,0.9212,0.6924,1.1175,1.0634,1.10728,1.0245199999999999,1.0062,0.9031,0.98172,1,24,csp_fom
65,1.02542,0.8940600000000001,0.6590199999999999,1.04996,1.00618,0.99472,0.98356,1.0165199999999999,1.0139,1.00336,1.0327,1.00564,1.0427199999999999,0.9402,1.2450400000000001,1.24034,1.16084,0.9945200000000001,1.0522,1.0327,0.9731,0.8747,0.9143,1.1144,1.009,1.17362,1.1657,1.0000200000000001,1.0529,1.1073,1.0466000000000002,0.6924,1.1175,1.0634,1.10728,1.0245199999999999,1.0062,0.9031,0.98172,1,25,offshore_wind_fixed_fixed_oandm
66,1.02542,0.8940600000000001,0.6590199999999999,1.04996,1.00618,0.99472,1.01704,1.0165199999999999,1.0139,1.00336,1.0327,1.00564,1.0427199999999999,0.9402,1.2450400000000001,1.24034,1.16084,0.9945200000000001,1.0522,1.0327,0.9731,0.8747,0.9143,1.1144,1.009,1.17362,1.1657,1.0000200000000001,1.0529,1.1073,1.0466000000000002,0.6924,1.1175,1.0634,1.10728,1.0245199999999999,1.0062,0.9031,0.98172,1,26,coal_igcc_vom
67,1.02542,0.8940600000000001,0.6590199999999999,1.04996,1.00618,0.99472,1.01704,1.0165199999999999,1.0139,1.00336,1.0327,1.00564,1.0427199999999999,0.9402,1.2450400000000001,1.24034,1.16084,0.9945200000000001,1.0522,1.0327,0.9731,0.8747,0.9143,1.1144,1.009,1.17362,1.1657,1.0000200000000001,1.0529,1.1073,1.0466000000000002,0.6924,1.1175,1.0634,1.10728,1.0245199999999999,1.1781,0.9031,0.98172,1,27,upv_capcost
68,1.02542,0.8940600000000001,0.6590199999999999,1.04996,1.00618,0.99472,1.01704,1.0165199999999999,1.0139,1.00336,1.0327,1.00564,1.0427199999999999,0.9402,1.2450400000000001,1.24034,1.16084,0.9945200000000001,1.0522,1.0327,0.9731,0.8747,0.9143,1.1144,1.009,1.17362,1.1657,1.0000200000000001,1.0529,1.1073,1.0466000000000002,0.6924,1.1175,1.0634,1.10728,1.0245199999999999,1.1781,1.04116,0.98172,1,28,upv_fom
69,1.02542,0.8940600000000001,0.6590199999999999,1.04996,1.00618,0.99472,1.01704,1.0165199999999999,1.0139,1.00336,1.0327,1.00564,1.0427199999999999,0.9402,1.2450400000000001,1.24034,1.16084,0.9945200000000001,1.0522,1.0327,0.9731,0.8747,0.9143,1.1144,1.009,1.17362,1.1657,1.0000200000000001,1.0529,1.1073,1.0466000000000002,1.16532,1.1175,1.0634,1.10728,1.0245199999999999,1.1781,1.04116,0.98172,1,29,offshore_wind_floating_overnight_cap_cost
70,1.02542,1.55754,0.6590199999999999,1.04996,1.00618,0.99472,1.01704,1.0165199999999999,1.0139,1.00336,1.0327,1.00564,1.0427199999999999,0.9402,1.2450400000000001,1.24034,1.16084,0.9945200000000001,1.0522,1.0327,0.9731,0.8747,0.9143,1.1144,1.009,1.17362,1.1657,1.0000200000000001,1.0529,1.1073,1.0466000000000002,1.16532,1.1175,1.0634,1.10728,1.0245199999999999,1.1781,1.04116,0.98172,1,30,natural_gas_price_west_south_central
71,1.02542,1.55754,0.6590199999999999,1.04996,1.00618,1.0282,1.01704,1.0165199999999999,1.0139,1.00336,1.0327,1.00564,1.0427199999999999,0.9402,1.2450400000000001,1.24034,1.16084,0.9945200000000001,1.0522,1.0327,0.9731,0.8747,0.9143,1.1144,1.009,1.17362,1.1657,1.0000200000000001,1.0529,1.1073,1.0466000000000002,1.16532,1.1175,1.0634,1.10728,1.0245199999999999,1.1781,1.04116,0.98172,1,31,coal_igcc_fom
72,1.02542,1.55754,0.6590199999999999,1.04996,1.00618,1.0282,1.01704,1.0165199999999999,1.0139,1.00336,1.0327,1.00564,1.0427199999999999,0.9402,1.2450400000000001,1.24034,1.16084,0.9945200000000001,1.0522,1.0327,1.00544,0.8747,0.9143,1.1144,1.009,1.17362,1.1657,1.0000200000000001,1.0529,1.1073,1.0466000000000002,1.16532,1.1175,1.0634,1.10728,1.0245199999999999,1.1781,1.04116,0.98172,1,32,gas_cc_heatrate
73,1.02542,1.55754,0.6590199999999999,1.04996,1.00618,1.0282,1.01704,1.0165199999999999,1.0139,1.00336,1.0327,1.00564,1.0427199999999999,0.9402,1.2450400000000001,1.24034,1.16084,0.9945200000000001,1.0522,1.0327,1.00544,0.8747,1.0856000000000001,1.1144,1.009,1.17362,1.1657,1.0000200000000001,1.0529,1.1073,1.0466000000000002,1.16532,1.1175,1.0634,1.10728,1.0245199999999999,1.1781,1.04116,0.98172,1,33,gas_ccs_fom
74,1.02542,1.55754,0.6590199999999999,1.04996,1.00618,1.0282,1.01704,1.0165199999999999,1.0139,1.00336,1.0327,1.00564,1.0427199999999999,1.01148,1.2450400000000001,1.24034,1.16084,0.9945200000000001,1.0522,1.0327,1.00544,0.8747,1.0856000000000001,1.1144,1.009,1.17362,1.1657,1.0000200000000001,1.0529,1.1073,1.0466000000000002,1.16532,1.1175,1.0634,1.10728,1.0245199999999999,1.1781,1.04116,0.98172,1,34,coal_ccs_heatrate
75,1.02542,1.55754,0.6590199999999999,1.04996,1.00618,1.0282,1.01704,1.0165199999999999,1.0139,1.00336,1.0327,1.00564,1.0427199999999999,1.01148,1.2450400000000001,1.24034,1.16084,0.9945200000000001,1.0522,1.0327,1.00544,1.02506,1.0856000000000001,1.1144,1.009,1.17362,1.1657,1.0000200000000001,1.0529,1.1073,1.0466000000000002,1.16532,1.1175,1.0634,1.10728,1.0245199999999999,1.1781,1.04116,0.98172,1,35,gas_ccs_capcost
76,1.02542,1.55754,0.6590199999999999,1.04996,1.00618,1.0282,1.01704,1.0165199999999999,1.0139,1.00336,1.0327,1.00564,1.0427199999999999,1.01148,1.2450400000000001,1.24034,1.16084,0.9945200000000001,1.0522,1.0327,1.00544,1.02506,1.0856000000000001,1.1144,1.009,1.17362,1.1657,1.0000200000000001,1.0529,1.1073,1.0466000000000002,1.16532,1.1175,1.0634,1.10728,1.0245199999999999,1.1781,1.04116,1.0458,1,36,upv_cf_improvement
77,1.02542,1.55754,0.6590199999999999,1.04996,1.00618,1.0282,1.01704,1.0165199999999999,1.0139,1.00336,1.0327,1.00564,1.0427199999999999,1.01148,1.2450400000000001,1.24034,1.16084,1.0277,1.0522,1.0327,1.00544,1.02506,1.0856000000000001,1.1144,1.009,1.17362,1.1657,1.0000200000000001,1.0529,1.1073,1.0466000000000002,1.16532,1.1175,1.0634,1.10728,1.0245199999999999,1.1781,1.04116,1.0458,1,37,gas_cc_capcost
78,1.02542,1.55754,0.97888,1.04996,1.00618,1.0282,1.01704,1.0165199999999999,1.0139,1.00336,1.0327,1.00564,1.0427199999999999,1.01148,1.2450400000000001,1.24034,1.16084,1.0277,1.0522,1.0327,1.00544,1.02506,1.0856000000000001,1.1144,1.009,1.17362,1.1657,1.0000200000000001,1.0529,1.1073,1.0466000000000002,1.16532,1.1175,1.0634,1.10728,1.0245199999999999,1.1781,1.04116,1.0458,1,38,battery_capcost
79,1.02542,1.55754,0.97888,1.4063,1.00618,1.0282,1.01704,1.0165199999999999,1.0139,1.00336,1.0327,1.00564,1.0427199999999999,1.01148,1.2450400000000001,1.24034,1.16084,1.0277,1.0522,1.0327,1.00544,1.02506,1.0856000000000001,1.1144,1.009,1.17362,1.1657,1.0000200000000001,1.0529,1.1073,1.0466000000000002,1.16532,1.1175,1.0634,1.10728,1.0245199999999999,1.1781,1.04116,1.0458,1,39,battery_capcost_energy
80,0.99166,1.11522,0.76564,0.8124,0.9709,0.99472,0.9724,0.9738,0.9954999999999999,0.9853,0.99346,0.99446,0.9288,0.98772,0.94588,0.9257599999999999,1.03568,0.9724,0.99088,0.9677,0.9731,0.8747,0.8572,0.93152,0.955,0.8961399999999999,0.72,0.6786,0.9805,0.8923000000000001,0.9212,1.0076800000000001,0.95478,0.9751599999999999,1.02284,0.8218,0.8916,0.99514,0.98172,2,0,
81,0.99166,1.7787,0.76564,0.8124,0.9709,0.99472,0.9724,0.9738,0.9954999999999999,0.9853,0.99346,0.99446,0.9288,0.98772,0.94588,0.9257599999999999,1.03568,0.9724,0.99088,0.9677,0.9731,0.8747,0.8572,0.93152,0.955,0.8961399999999999,0.72,0.6786,0.9805,0.8923000000000001,0.9212,1.0076800000000001,0.95478,0.9751599999999999,1.02284,0.8218,0.8916,0.99514,0.98172,2,1,natural_gas_price_west_south_central
82,0.99166,1.7787,0.76564,0.8124,0.9709,0.99472,0.9724,0.9738,0.9954999999999999,0.9853,0.99346,0.99446,0.9288,0.98772,0.94588,0.9257599999999999,1.03568,0.9724,0.99088,0.9677,1.00544,0.8747,0.8572,0.93152,0.955,0.8961399999999999,0.72,0.6786,0.9805,0.8923000000000001,0.9212,1.0076800000000001,0.95478,0.9751599999999999,1.02284,0.8218,0.8916,0.99514,0.98172,2,2,gas_cc_heatrate
83,0.99166,1.7787,0.76564,0.8124,0.9709,1.0282,0.9724,0.9738,0.9954999999999999,0.9853,0.99346,0.99446,0.9288,0.98772,0.94588,0.9257599999999999,1.03568,0.9724,0.99088,0.9677,1.00544,0.8747,0.8572,0.93152,0.955,0.8961399999999999,0.72,0.6786,0.9805,0.8923000000000001,0.9212,1.0076800000000001,0.95478,0.9751599999999999,1.02284,0.8218,0.8916,0.99514,0.98172,2,3,coal_igcc_fom
84,0.99166,1.7787,0.76564,0.8124,0.9709,1.0282,0.9724,0.9738,0.9954999999999999,0.9853,0.99346,0.99446,0.9288,0.98772,0.94588,0.9257599999999999,1.03568,0.9724,1.0522,0.9677,1.00544,0.8747,0.8572,0.93152,0.955,0.8961399999999999,0.72,0.6786,0.9805,0.8923000000000001,0.9212,1.0076800000000001,0.95478,0.9751599999999999,1.02284,0.8218,0.8916,0.99514,0.98172,2,4,gas_cc_fom
85,0.99166,1.7787,0.76564,0.8124,0.9709,1.0282,0.9724,0.9738,0.9954999999999999,0.9853,0.99346,0.99446,0.9288,1.059,0.94588,0.9257599999999999,1.03568,0.9724,1.0522,0.9677,1.00544,0.8747,0.8572,0.93152,0.955,0.8961399999999999,0.72,0.6786,0.9805,0.8923000000000001,0.9212,1.0076800000000001,0.95478,0.9751599999999999,1.02284,0.8218,0.8916,0.99514,0.98172,2,5,coal_ccs_heatrate
86,0.99166,1.7787,0.76564,0.8124,0.9709,1.0282,0.9724,0.9738,0.9954999999999999,0.9853,0.99346,0.99446,0.9288,1.059,0.94588,0.9257599999999999,1.03568,0.9724,1.0522,0.9677,1.00544,0.8747,1.0285,0.93152,0.955,0.8961399999999999,0.72,0.6786,0.9805,0.8923000000000001,0.9212,1.0076800000000001,0.95478,0.9751599999999999,1.02284,0.8218,0.8916,0.99514,0.98172,2,6,gas_ccs_fom
87,0.99166,1.7787,0.76564,0.8124,0.9709,1.0282,0.9724,0.9738,0.9954999999999999,0.9853,0.99346,0.99446,0.9288,1.059,0.94588,0.9257599999999999,1.03568,0.9724,1.0522,0.9677,1.00544,0.8747,1.0285,0.93152,0.955,0.8961399999999999,0.72,0.6786,0.9805,0.8923000000000001,0.9212,1.0076800000000001,0.95478,1.04134,1.02284,0.8218,0.8916,0.99514,0.98172,2,7,onshore_wind_cf_mult
88,0.99166,1.7787,0.76564,0.8124,0.9709,1.0282,0.9724,0.9738,0.9954999999999999,0.9853,0.99346,0.99446,1.01424,1.059,0.94588,0.9257599999999999,1.03568,0.9724,1.0522,0.9677,1.00544,0.8747,1.0285,0.93152,0.955,0.8961399999999999,0.72,0.6786,0.9805,0.8923000000000001,0.9212,1.0076800000000001,0.95478,1.04134,1.02284,0.8218,0.8916,0.99514,0.98172,2,8,coal_ccs_vom
89,0.99166,1.7787,0.76564,0.8124,0.9709,1.0282,1.00588,0.9738,0.9954999999999999,0.9853,0.99346,0.99446,1.01424,1.059,0.94588,0.9257599999999999,1.03568,0.9724,1.0522,0.9677,1.00544,0.8747,1.0285,0.93152,0.955,0.8961399999999999,0.72,0.6786,0.9805,0.8923000000000001,0.9212,1.0076800000000001,0.95478,1.04134,1.02284,0.8218,0.8916,0.99514,0.98172,2,9,coal_igcc_vom
90,0.99166,1.7787,0.76564,0.8124,0.9709,1.0282,1.00588,0.9738,1.0231,0.9853,0.99346,0.99446,1.01424,1.059,0.94588,0.9257599999999999,1.03568,0.9724,1.0522,0.9677,1.00544,0.8747,1.0285,0.93152,0.955,0.8961399999999999,0.72,0.6786,0.9805,0.8923000000000001,0.9212,1.0076800000000001,0.95478,1.04134,1.02284,0.8218,0.8916,0.99514,0.98172,2,10,coal_new_fom
91,0.99166,1.7787,0.76564,0.8124,0.9709,1.0282,1.00588,0.9738,1.0231,0.9853,0.99346,0.99446,1.01424,1.059,0.94588,0.9257599999999999,1.03568,0.9724,1.0522,0.9677,1.00544,0.8747,1.0285,0.93152,0.955,0.8961399999999999,0.72,0.6786,0.9805,0.8923000000000001,0.9212,1.4806,0.95478,1.04134,1.02284,0.8218,0.8916,0.99514,0.98172,2,11,offshore_wind_floating_overnight_cap_cost
92,0.99166,1.7787,0.76564,0.8124,0.9709,1.0282,1.00588,0.9738,1.0231,0.9853,0.99346,0.99446,1.01424,1.059,1.3946200000000002,0.9257599999999999,1.03568,0.9724,1.0522,0.9677,1.00544,0.8747,1.0285,0.93152,0.955,0.8961399999999999,0.72,0.6786,0.9805,0.8923000000000001,0.9212,1.4806,0.95478,1.04134,1.02284,0.8218,0.8916,0.99514,0.98172,2,12,csp_capcost
93,0.99166,1.7787,0.76564,0.8124,0.9709,1.0282,1.00588,0.9738,1.0231,0.9853,0.99346,0.99446,1.01424,1.059,1.3946200000000002,0.9257599999999999,1.03568,0.9724,1.0522,1.0067,1.00544,0.8747,1.0285,0.93152,0.955,0.8961399999999999,0.72,0.6786,0.9805,0.8923000000000001,0.9212,1.4806,0.95478,1.04134,1.02284,0.8218,0.8916,0.99514,0.98172,2,13,gas_cc_vom
94,0.99166,1.7787,0.76564,1.1687400000000001,0.9709,1.0282,1.00588,0.9738,1.0231,0.9853,0.99346,0.99446,1.01424,1.059,1.3946200000000002,0.9257599999999999,1.03568,0.9724,1.0522,1.0067,1.00544,0.8747,1.0285,0.93152,0.955,0.8961399999999999,0.72,0.6786,0.9805,0.8923000000000001,0.9212,1.4806,0.95478,1.04134,1.02284,0.8218,0.8916,0.99514,0.98172,2,14,battery_capcost_energy
95,0.99166,1.7787,0.76564,1.1687400000000001,0.9709,1.0282,1.00588,0.9738,1.0231,0.9853,1.0327,0.99446,1.01424,1.059,1.3946200000000002,0.9257599999999999,1.03568,0.9724,1.0522,1.0067,1.00544,0.8747,1.0285,0.93152,0.955,0.8961399999999999,0.72,0.6786,0.9805,0.8923000000000001,0.9212,1.4806,0.95478,1.04134,1.02284,0.8218,0.8916,0.99514,0.98172,2,15,coal_ccs_capcost
96,0.99166,1.7787,0.76564,1.1687400000000001,0.9709,1.0282,1.00588,0.9738,1.0231,0.9853,1.0327,0.99446,1.01424,1.059,1.3946200000000002,1.24034,1.03568,0.9724,1.0522,1.0067,1.00544,0.8747,1.0285,0.93152,0.955,0.8961399999999999,0.72,0.6786,0.9805,0.8923000000000001,0.9212,1.4806,0.95478,1.04134,1.02284,0.8218,0.8916,0.99514,0.98172,2,16,csp_fom
97,0.99166,1.7787,0.76564,1.1687400000000001,0.9709,1.0282,1.00588,0.9738,1.0231,0.9853,1.0327,0.99446,1.01424,1.059,1.3946200000000002,1.24034,1.03568,1.0055800000000001,1.0522,1.0067,1.00544,0.8747,1.0285,0.93152,0.955,0.8961399999999999,0.72,0.6786,0.9805,0.8923000000000001,0.9212,1.4806,0.95478,1.04134,1.02284,0.8218,0.8916,0.99514,0.98172,2,17,gas_cc_capcost
98,0.99166,1.7787,0.76564,1.1687400000000001,0.9709,1.0282,1.00588,1.0058399999999998,1.0231,0.9853,1.0327,0.99446,1.01424,1.059,1.3946200000000002,1.24034,1.03568,1.0055800000000001,1.0522,1.0067,1.00544,0.8747,1.0285,0.93152,0.955,0.8961399999999999,0.72,0.6786,0.9805,0.8923000000000001,0.9212,1.4806,0.95478,1.04134,1.02284,0.8218,0.8916,0.99514,0.98172,2,18,coal_new_capcost
99,0.99166,1.7787,0.76564,1.1687400000000001,0.9709,1.0282,1.00588,1.0058399999999998,1.0231,0.9853,1.0327,0.99446,1.01424,1.059,1.3946200000000002,1.24034,1.03568,1.0055800000000001,1.0522,1.0067,1.00544,0.8747,1.0285,1.06868,0.955,0.8961399999999999,0.72,0.6786,0.9805,0.8923000000000001,0.9212,1.4806,0.95478,1.04134,1.02284,0.8218,0.8916,0.99514,0.98172,2,19,gas_ccs_vom
100,0.99166,1.7787,0.76564,1.1687400000000001,0.9709,1.0282,1.00588,1.0058399999999998,1.0231,0.9853,1.0327,0.99446,1.01424,1.059,1.3946200000000002,1.24034,1.03568,1.0055800000000001,1.0522,1.0067,1.00544,0.8747,1.0285,1.06868,0.955,0.8961399999999999,0.98742,0.6786,0.9805,0.8923000000000001,0.9212,1.4806,0.95478,1.04134,1.02284,0.8218,0.8916,0.99514,0.98172,2,20,nuclear_fom
101,0.99166,1.7787,0.76564,1.1687400000000001,0.9709,1.0282,1.00588,1.0058399999999998,1.0231,0.9853,1.0327,0.99446,1.01424,1.059,1.3946200000000002,1.24034,1.03568,1.0055800000000001,1.0522,1.0067,1.00544,0.8747,1.0285,1.06868,0.955,0.8961399999999999,0.98742,0.6786,0.9805,1.2148,0.9212,1.4806,0.95478,1.04134,1.02284,0.8218,0.8916,0.99514,0.98172,2,21,offshore_wind_fixed_overnight_cap_cost
102,0.99166,1.7787,0.76564,1.1687400000000001,0.9709,1.0282,1.00588,1.0058399999999998,1.0231,0.9853,1.0327,0.99446,1.01424,1.059,1.3946200000000002,1.24034,1.03568,1.0055800000000001,1.0522,1.0067,1.00544,0.8747,1.0285,1.06868,0.955,0.8961399999999999,0.98742,0.6786,0.9805,1.2148,0.9212,1.4806,1.0768199999999999,1.04134,1.02284,0.8218,0.8916,0.99514,0.98172,2,22,offshore_wind_floating_fixed_oandm
103,0.99166,1.7787,0.76564,1.1687400000000001,0.9709,1.0282,1.00588,1.0058399999999998,1.0231,0.9853,1.0327,0.99446,1.01424,1.059,1.3946200000000002,1.24034,1.03568,1.0055800000000001,1.0522,1.0067,1.00544,1.02506,1.0285,1.06868,0.955,0.8961399999999999,0.98742,0.6786,0.9805,1.2148,0.9212,1.4806,1.0768199999999999,1.04134,1.02284,0.8218,0.8916,0.99514,0.98172,2,23,gas_ccs_capcost
104,0.99166,1.7787,0.76564,1.1687400000000001,0.9709,1.0282,1.00588,1.0058399999999998,1.0231,1.00336,1.0327,0.99446,1.01424,1.059,1.3946200000000002,1.24034,1.03568,1.0055800000000001,1.0522,1.0067,1.00544,1.02506,1.0285,1.06868,0.955,0.8961399999999999,0.98742,0.6786,0.9805,1.2148,0.9212,1.4806,1.0768199999999999,1.04134,1.02284,0.8218,0.8916,0.99514,0.98172,2,24,coal_new_vom
105,0.99166,1.7787,0.76564,1.1687400000000001,0.9709,1.0282,1.00588,1.0058399999999998,1.0231,1.00336,1.0327,0.99446,1.01424,1.059,1.3946200000000002,1.24034,1.03568,1.0055800000000001,1.0522,1.0067,1.00544,1.02506,1.0285,1.06868,0.955,0.8961399999999999,0.98742,0.6786,0.9805,1.2148,0.9212,1.4806,1.0768199999999999,1.04134,1.1495,0.8218,0.8916,0.99514,0.98172,2,25,onshore_wind_overnight_cap_cost_kw
106,0.99166,1.7787,0.76564,1.1687400000000001,0.9709,1.0282,1.00588,1.0058399999999998,1.0231,1.00336,1.0327,0.99446,1.01424,1.059,1.3946200000000002,1.24034,1.22342,1.0055800000000001,1.0522,1.0067,1.00544,1.02506,1.0285,1.06868,0.955,0.8961399999999999,0.98742,0.6786,0.9805,1.2148,0.9212,1.4806,1.0768199999999999,1.04134,1.1495,0.8218,0.8916,0.99514,0.98172,2,26,csp_vom
107,0.99166,1.7787,0.76564,1.1687400000000001,0.9709,1.0282,1.00588,1.0058399999999998,1.0231,1.00336,1.0327,0.99446,1.01424,1.059,1.3946200000000002,1.24034,1.22342,1.0055800000000001,1.0522,1.0067,1.00544,1.02506,1.0285,1.06868,0.955,0.8961399999999999,0.98742,0.6786,0.9805,1.2148,1.0466000000000002,1.4806,1.0768199999999999,1.04134,1.1495,0.8218,0.8916,0.99514,0.98172,2,27,offshore_wind_fixed_fixed_oandm
108,0.99166,1.7787,0.76564,1.1687400000000001,0.9709,1.0282,1.00588,1.0058399999999998,1.0231,1.00336,1.0327,0.99446,1.01424,1.059,1.3946200000000002,1.24034,1.22342,1.0055800000000001,1.0522,1.0067,1.00544,1.02506,1.0285,1.06868,0.955,1.31236,0.98742,0.6786,0.9805,1.2148,1.0466000000000002,1.4806,1.0768199999999999,1.04134,1.1495,0.8218,0.8916,0.99514,0.98172,2,28,nuclear_capcost
109,0.99166,1.7787,0.76564,1.1687400000000001,0.9709,1.0282,1.00588,1.0058399999999998,1.0231,1.00336,1.0327,0.99446,1.01424,1.059,1.3946200000000002,1.24034,1.22342,1.0055800000000001,1.0522,1.0067,1.00544,1.02506,1.0285,1.06868,0.955,1.31236,0.98742,0.6786,1.0348,1.2148,1.0466000000000002,1.4806,1.0768199999999999,1.04134,1.1495,0.8218,0.8916,0.99514,0.98172,2,29,cf_mult_shared_offshore_wind_fixed_and_floating
110,0.99166,1.7787,0.76564,1.1687400000000001,0.9709,1.0282,1.00588,1.0058399999999998,1.0231,1.00336,1.0327,0.99446,1.01424,1.059,1.3946200000000002,1.24034,1.22342,1.0055800000000001,1.0522,1.0067,1.00544,1.02506,1.0285,1.06868,0.955,1.31236,0.98742,0.6786,1.0348,1.2148,1.0466000000000002,1.4806,1.0768199999999999,1.04134,1.1495,0.8218,0.8916,0.99514,1.0458,2,30,upv_cf_improvement
111,0.99166,1.7787,0.76564,1.1687400000000001,0.9709,1.0282,1.00588,1.0058399999999998,1.0231,1.00336,1.0327,0.99446,1.01424,1.059,1.3946200000000002,1.24034,1.22342,1.0055800000000001,1.0522,1.0067,1.00544,1.02506,1.0285,1.06868,0.955,1.31236,0.98742,1.0000200000000001,1.0348,1.2148,1.0466000000000002,1.4806,1.0768199999999999,1.04134,1.1495,0.8218,0.8916,0.99514,1.0458,2,31,nuclear_vom
112,0.99166,1.7787,0.76564,1.1687400000000001,0.9709,1.0282,1.00588,1.0058399999999998,1.0231,1.00336,1.0327,0.99446,1.01424,1.059,1.3946200000000002,1.24034,1.22342,1.0055800000000001,1.0522,1.0067,1.00544,1.02506,1.0285,1.06868,0.955,1.31236,0.98742,1.0000200000000001,1.0348,1.2148,1.0466000000000002,1.4806,1.0768199999999999,1.04134,1.1495,0.97384,0.8916,0.99514,1.0458,2,32,onshore_wind_fixed_oandm_kw_yr
113,0.99166,1.7787,0.76564,1.1687400000000001,0.9709,1.0282,1.00588,1.0058399999999998,1.0231,1.00336,1.0327,0.99446,1.01424,1.059,1.3946200000000002,1.24034,1.22342,1.0055800000000001,1.0522,1.0067,1.00544,1.02506,1.0285,1.06868,0.955,1.31236,0.98742,1.0000200000000001,1.0348,1.2148,1.0466000000000002,1.4806,1.0768199999999999,1.04134,1.1495,0.97384,1.0635,0.99514,1.0458,2,33,upv_capcost
114,0.99166,1.7787,1.0855,1.1687400000000001,0.9709,1.0282,1.00588,1.0058399999999998,1.0231,1.00336,1.0327,0.99446,1.01424,1.059,1.3946200000000002,1.24034,1.22342,1.0055800000000001,1.0522,1.0067,1.00544,1.02506,1.0285,1.06868,0.955,1.31236,0.98742,1.0000200000000001,1.0348,1.2148,1.0466000000000002,1.4806,1.0768199999999999,1.04134,1.1495,0.97384,1.0635,0.99514,1.0458,2,34,battery_capcost
115,0.99166,1.7787,1.0855,1.1687400000000001,0.9709,1.0282,1.00588,1.0058399999999998,1.0231,1.00336,1.0327,0.99446,1.01424,1.059,1.3946200000000002,1.24034,1.22342,1.0055800000000001,1.0522,1.0067,1.00544,1.02506,1.0285,1.06868,1.009,1.31236,0.98742,1.0000200000000001,1.0348,1.2148,1.0466000000000002,1.4806,1.0768199999999999,1.04134,1.1495,0.97384,1.0635,0.99514,1.0458,2,35,gas_ccs_heatrate
116,0.99166,1.7787,1.0855,1.1687400000000001,0.9709,1.0282,1.00588,1.0058399999999998,1.0231,1.00336,1.0327,0.99446,1.01424,1.059,1.3946200000000002,1.24034,1.22342,1.0055800000000001,1.0522,1.0067,1.00544,1.02506,1.0285,1.06868,1.009,1.31236,0.98742,1.0000200000000001,1.0348,1.2148,1.0466000000000002,1.4806,1.0768199999999999,1.04134,1.1495,0.97384,1.0635,1.1332,1.0458,2,36,upv_fom
117,1.0423,1.7787,1.0855,1.1687400000000001,0.9709,1.0282,1.00588,1.0058399999999998,1.0231,1.00336,1.0327,0.99446,1.01424,1.059,1.3946200000000002,1.24034,1.22342,1.0055800000000001,1.0522,1.0067,1.00544,1.02506,1.0285,1.06868,1.009,1.31236,0.98742,1.0000200000000001,1.0348,1.2148,1.0466000000000002,1.4806,1.0768199999999999,1.04134,1.1495,0.97384,1.0635,1.1332,1.0458,2,37,electricity_demand_multiplier_tx
118,1.0423,1.7787,1.0855,1.1687400000000001,0.9709,1.0282,1.00588,1.0058399999999998,1.0231,1.00336,1.0327,1.028,1.01424,1.059,1.3946200000000002,1.24034,1.22342,1.0055800000000001,1.0522,1.0067,1.00544,1.02506,1.0285,1.06868,1.009,1.31236,0.98742,1.0000200000000001,1.0348,1.2148,1.0466000000000002,1.4806,1.0768199999999999,1.04134,1.1495,0.97384,1.0635,1.1332,1.0458,2,38,coal_ccs_fom
119,1.0423,1.7787,1.0855,1.1687400000000001,1.00618,1.0282,1.00588,1.0058399999999998,1.0231,1.00336,1.0327,1.028,1.01424,1.059,1.3946200000000002,1.24034,1.22342,1.0055800000000001,1.0522,1.0067,1.00544,1.02506,1.0285,1.06868,1.009,1.31236,0.98742,1.0000200000000001,1.0348,1.2148,1.0466000000000002,1.4806,1.0768199999999999,1.04134,1.1495,0.97384,1.0635,1.1332,1.0458,2,39,coal_igcc_capcost
120,0.9579,0.8940600000000001,0.5524,0.93118,0.98266,0.98356,0.99472,0.98448,0.9863,0.99734,0.99346,0.99446,0.98576,0.9402,0.7963,0.8209,0.9731,0.9945200000000001,0.99088,0.9807,0.9731,0.97494,0.9714,0.93152,0.973,0.7574,0.80914,0.89288,0.9986,0.9998,0.9630000000000001,0.85004,0.95478,0.9972199999999999,0.9384,0.8218,1.0062,0.9031,0.96036,3,0,
121,0.9579,0.8940600000000001,0.5524,1.2875200000000002,0.98266,0.98356,0.99472,0.98448,0.9863,0.99734,0.99346,0.99446,0.98576,0.9402,0.7963,0.8209,0.9731,0.9945200000000001,0.99088,0.9807,0.9731,0.97494,0.9714,0.93152,0.973,0.7574,0.80914,0.89288,0.9986,0.9998,0.9630000000000001,0.85004,0.95478,0.9972199999999999,0.9384,0.8218,1.0062,0.9031,0.96036,3,1,battery_capcost_energy
122,0.9579,0.8940600000000001,0.5524,1.2875200000000002,1.01794,0.98356,0.99472,0.98448,0.9863,0.99734,0.99346,0.99446,0.98576,0.9402,0.7963,0.8209,0.9731,0.9945200000000001,0.99088,0.9807,0.9731,0.97494,0.9714,0.93152,0.973,0.7574,0.80914,0.89288,0.9986,0.9998,0.9630000000000001,0.85004,0.95478,0.9972199999999999,0.9384,0.8218,1.0062,0.9031,0.96036,3,2,coal_igcc_capcost
123,0.9579,0.8940600000000001,0.5524,1.2875200000000002,1.01794,0.98356,0.99472,0.98448,0.9863,0.99734,0.99346,0.99446,0.98576,0.9402,0.7963,0.8209,0.9731,0.9945200000000001,0.99088,0.9807,0.9731,0.97494,0.9714,0.93152,0.973,0.7574,0.80914,1.2143,0.9986,0.9998,0.9630000000000001,0.85004,0.95478,0.9972199999999999,0.9384,0.8218,1.0062,0.9031,0.96036,3,3,nuclear_vom
124,0.9579,1.55754,0.5524,1.2875200000000002,1.01794,0.98356,0.99472,0.98448,0.9863,0.99734,0.99346,0.99446,0.98576,0.9402,0.7963,0.8209,0.9731,0.9945200000000001,0.99088,0.9807,0.9731,0.97494,0.9714,0.93152,0.973,0.7574,0.80914,1.2143,0.9986,0.9998,0.9630000000000001,0.85004,0.95478,0.9972199999999999,0.9384,0.8218,1.0062,0.9031,0.96036,3,4,natural_gas_price_west_south_central
125,0.9579,1.55754,0.5524,1.2875200000000002,1.01794,0.98356,0.99472,0.98448,0.9863,0.99734,0.99346,0.99446,0.98576,0.9402,0.7963,0.8209,0.9731,0.9945200000000001,0.99088,0.9807,0.9731,0.97494,0.9714,0.93152,0.973,1.17362,0.80914,1.2143,0.9986,0.9998,0.9630000000000001,0.85004,0.95478,0.9972199999999999,0.9384,0.8218,1.0062,0.9031,0.96036,3,5,nuclear_capcost
126,1.00854,1.55754,0.5524,1.2875200000000002,1.01794,0.98356,0.99472,0.98448,0.9863,0.99734,0.99346,0.99446,0.98576,0.9402,0.7963,0.8209,0.9731,0.9945200000000001,0.99088,0.9807,0.9731,0.97494,0.9714,0.93152,0.973,1.17362,0.80914,1.2143,0.9986,0.9998,0.9630000000000001,0.85004,0.95478,0.9972199999999999,0.9384,0.8218,1.0062,0.9031,0.96036,3,6,electricity_demand_multiplier_tx
127,1.00854,1.55754,0.5524,1.2875200000000002,1.01794,0.98356,0.99472,0.98448,0.9863,0.99734,0.99346,0.99446,0.98576,0.9402,0.7963,0.8209,0.9731,0.9945200000000001,0.99088,0.9807,0.9731,0.97494,0.9714,0.93152,0.973,1.17362,0.80914,1.2143,0.9986,0.9998,0.9630000000000001,0.85004,0.95478,0.9972199999999999,0.9384,0.8218,1.0062,0.9031,1.02444,3,7,upv_cf_improvement
128,1.00854,1.55754,0.5524,1.2875200000000002,1.01794,0.98356,0.99472,0.98448,0.9863,0.99734,0.99346,0.99446,0.98576,0.9402,0.7963,0.8209,0.9731,0.9945200000000001,0.99088,0.9807,0.9731,0.97494,0.9714,1.06868,0.973,1.17362,0.80914,1.2143,0.9986,0.9998,0.9630000000000001,0.85004,0.95478,0.9972199999999999,0.9384,0.8218,1.0062,0.9031,1.02444,3,8,gas_ccs_vom
129,1.00854,1.55754,0.5524,1.2875200000000002,1.01794,0.98356,1.0282,0.98448,0.9863,0.99734,0.99346,0.99446,0.98576,0.9402,0.7963,0.8209,0.9731,0.9945200000000001,0.99088,0.9807,0.9731,0.97494,0.9714,1.06868,0.973,1.17362,0.80914,1.2143,0.9986,0.9998,0.9630000000000001,0.85004,0.95478,0.9972199999999999,0.9384,0.8218,1.0062,0.9031,1.02444,3,9,coal_igcc_vom
130,1.00854,1.55754,0.5524,1.2875200000000002,1.01794,0.98356,1.0282,1.0165199999999999,0.9863,0.99734,0.99346,0.99446,0.98576,0.9402,0.7963,0.8209,0.9731,0.9945200000000001,0.99088,0.9807,0.9731,0.97494,0.9714,1.06868,0.973,1.17362,0.80914,1.2143,0.9986,0.9998,0.9630000000000001,0.85004,0.95478,0.9972199999999999,0.9384,0.8218,1.0062,0.9031,1.02444,3,10,coal_new_capcost
131,1.00854,1.55754,0.5524,1.2875200000000002,1.01794,0.98356,1.0282,1.0165199999999999,0.9863,0.99734,0.99346,1.028,0.98576,0.9402,0.7963,0.8209,0.9731,0.9945200000000001,0.99088,0.9807,0.9731,0.97494,0.9714,1.06868,0.973,1.17362,0.80914,1.2143,0.9986,0.9998,0.9630000000000001,0.85004,0.95478,0.9972199999999999,0.9384,0.8218,1.0062,0.9031,1.02444,3,11,coal_ccs_fom
132,1.00854,1.55754,0.5524,1.2875200000000002,1.01794,0.98356,1.0282,1.0165199999999999,0.9863,1.0154,0.99346,1.028,0.98576,0.9402,0.7963,0.8209,0.9731,0.9945200000000001,0.99088,0.9807,0.9731,0.97494,0.9714,1.06868,0.973,1.17362,0.80914,1.2143,0.9986,0.9998,0.9630000000000001,0.85004,0.95478,0.9972199999999999,0.9384,0.8218,1.0062,0.9031,1.02444,3,12,coal_new_vom
133,1.00854,1.55754,0.5524,1.2875200000000002,1.01794,0.98356,1.0282,1.0165199999999999,0.9863,1.0154,0.99346,1.028,0.98576,0.9402,0.7963,0.8209,1.16084,0.9945200000000001,0.99088,0.9807,0.9731,0.97494,0.9714,1.06868,0.973,1.17362,0.80914,1.2143,0.9986,0.9998,0.9630000000000001,0.85004,0.95478,0.9972199999999999,0.9384,0.8218,1.0062,0.9031,1.02444,3,13,csp_vom
134,1.00854,1.55754,0.5524,1.2875200000000002,1.01794,0.98356,1.0282,1.0165199999999999,0.9863,1.0154,0.99346,1.028,0.98576,0.9402,0.7963,0.8209,1.16084,0.9945200000000001,0.99088,0.9807,0.9731,0.97494,1.1427,1.06868,0.973,1.17362,0.80914,1.2143,0.9986,0.9998,0.9630000000000001,0.85004,0.95478,0.9972199999999999,0.9384,0.8218,1.0062,0.9031,1.02444,3,14,gas_ccs_fom
135,1.00854,1.55754,0.5524,1.2875200000000002,1.01794,0.98356,1.0282,1.0165199999999999,0.9863,1.0154,0.99346,1.028,0.98576,0.9402,0.7963,0.8209,1.16084,0.9945200000000001,0.99088,0.9807,0.9731,0.97494,1.1427,1.06868,0.973,1.17362,0.80914,1.2143,0.9986,0.9998,0.9630000000000001,0.85004,0.95478,0.9972199999999999,0.9384,0.97384,1.0062,0.9031,1.02444,3,15,onshore_wind_fixed_oandm_kw_yr
136,1.00854,1.55754,0.5524,1.2875200000000002,1.01794,0.98356,1.0282,1.0165199999999999,0.9863,1.0154,0.99346,1.028,0.98576,0.9402,0.7963,0.8209,1.16084,0.9945200000000001,0.99088,0.9807,0.9731,0.97494,1.1427,1.06868,0.973,1.17362,0.80914,1.2143,0.9986,0.9998,0.9630000000000001,1.3229600000000001,0.95478,0.9972199999999999,0.9384,0.97384,1.0062,0.9031,1.02444,3,16,offshore_wind_floating_overnight_cap_cost
137,1.00854,1.55754,0.5524,1.2875200000000002,1.01794,0.98356,1.0282,1.0165199999999999,0.9863,1.0154,0.99346,1.028,0.98576,0.9402,0.7963,0.8209,1.16084,0.9945200000000001,0.99088,0.9807,0.9731,0.97494,1.1427,1.06868,0.973,1.17362,0.80914,1.2143,0.9986,0.9998,0.9630000000000001,1.3229600000000001,0.95478,0.9972199999999999,1.06506,0.97384,1.0062,0.9031,1.02444,3,17,onshore_wind_overnight_cap_cost_kw
138,1.00854,1.55754,0.5524,1.2875200000000002,1.01794,0.98356,1.0282,1.0165199999999999,0.9863,1.0154,0.99346,1.028,0.98576,0.9402,0.7963,0.8209,1.16084,1.0277,0.99088,0.9807,0.9731,0.97494,1.1427,1.06868,0.973,1.17362,0.80914,1.2143,0.9986,0.9998,0.9630000000000001,1.3229600000000001,0.95478,0.9972199999999999,1.06506,0.97384,1.0062,0.9031,1.02444,3,18,gas_cc_capcost
139,1.00854,1.55754,0.5524,1.2875200000000002,1.01794,0.98356,1.0282,1.0165199999999999,0.9863,1.0154,0.99346,1.028,0.98576,0.9402,0.7963,0.8209,1.16084,1.0277,0.99088,0.9807,0.9731,0.97494,1.1427,1.06868,1.027,1.17362,0.80914,1.2143,0.9986,0.9998,0.9630000000000001,1.3229600000000001,0.95478,0.9972199999999999,1.06506,0.97384,1.0062,0.9031,1.02444,3,19,gas_ccs_heatrate
140,1.00854,1.55754,0.87226,1.2875200000000002,1.01794,0.98356,1.0282,1.0165199999999999,0.9863,1.0154,0.99346,1.028,0.98576,0.9402,0.7963,0.8209,1.16084,1.0277,0.99088,0.9807,0.9731,0.97494,1.1427,1.06868,1.027,1.17362,0.80914,1.2143,0.9986,0.9998,0.9630000000000001,1.3229600000000001,0.95478,0.9972199999999999,1.06506,0.97384,1.0062,0.9031,1.02444,3,20,battery_capcost
141,1.00854,1.55754,0.87226,1.2875200000000002,1.01794,0.98356,1.0282,1.0165199999999999,0.9863,1.0154,0.99346,1.028,0.98576,0.9402,0.7963,0.8209,1.16084,1.0277,0.99088,0.9807,0.9731,0.97494,1.1427,1.06868,1.027,1.17362,0.80914,1.2143,0.9986,0.9998,0.9630000000000001,1.3229600000000001,0.95478,0.9972199999999999,1.06506,0.97384,1.1781,0.9031,1.02444,3,21,upv_capcost
142,1.00854,1.55754,0.87226,1.2875200000000002,1.01794,0.98356,1.0282,1.0165199999999999,0.9863,1.0154,0.99346,1.028,0.98576,0.9402,0.7963,0.8209,1.16084,1.0277,0.99088,1.0197,0.9731,0.97494,1.1427,1.06868,1.027,1.17362,0.80914,1.2143,0.9986,0.9998,0.9630000000000001,1.3229600000000001,0.95478,0.9972199999999999,1.06506,0.97384,1.1781,0.9031,1.02444,3,22,gas_cc_vom
143,1.00854,1.55754,0.87226,1.2875200000000002,1.01794,0.98356,1.0282,1.0165199999999999,0.9863,1.0154,0.99346,1.028,0.98576,0.9402,1.2450400000000001,0.8209,1.16084,1.0277,0.99088,1.0197,0.9731,0.97494,1.1427,1.06868,1.027,1.17362,0.80914,1.2143,0.9986,0.9998,0.9630000000000001,1.3229600000000001,0.95478,0.9972199999999999,1.06506,0.97384,1.1781,0.9031,1.02444,3,23,csp_capcost
144,1.00854,1.55754,0.87226,1.2875200000000002,1.01794,0.98356,1.0282,1.0165199999999999,0.9863,1.0154,0.99346,1.028,0.98576,0.9402,1.2450400000000001,0.8209,1.16084,1.0277,0.99088,1.0197,0.9731,1.1253,1.1427,1.06868,1.027,1.17362,0.80914,1.2143,0.9986,0.9998,0.9630000000000001,1.3229600000000001,0.95478,0.9972199999999999,1.06506,0.97384,1.1781,0.9031,1.02444,3,24,gas_ccs_capcost
145,1.00854,1.55754,0.87226,1.2875200000000002,1.01794,0.98356,1.0282,1.0165199999999999,0.9863,1.0154,0.99346,1.028,0.98576,0.9402,1.2450400000000001,0.8209,1.16084,1.0277,0.99088,1.0197,0.9731,1.1253,1.1427,1.06868,1.027,1.17362,0.80914,1.2143,0.9986,1.3223,0.9630000000000001,1.3229600000000001,0.95478,0.9972199999999999,1.06506,0.97384,1.1781,0.9031,1.02444,3,25,offshore_wind_fixed_overnight_cap_cost
146,1.00854,1.55754,0.87226,1.2875200000000002,1.01794,0.98356,1.0282,1.0165199999999999,0.9863,1.0154,0.99346,1.028,0.98576,1.01148,1.2450400000000001,0.8209,1.16084,1.0277,0.99088,1.0197,0.9731,1.1253,1.1427,1.06868,1.027,1.17362,0.80914,1.2143,0.9986,1.3223,0.9630000000000001,1.3229600000000001,0.95478,0.9972199999999999,1.06506,0.97384,1.1781,0.9031,1.02444,3,26,coal_ccs_heatrate
147,1.00854,1.55754,0.87226,1.2875200000000002,1.01794,0.98356,1.0282,1.0165199999999999,0.9863,1.0154,0.99346,1.028,1.0712,1.01148,1.2450400000000001,0.8209,1.16084,1.0277,0.99088,1.0197,0.9731,1.1253,1.1427,1.06868,1.027,1.17362,0.80914,1.2143,0.9986,1.3223,0.9630000000000001,1.3229600000000001,0.95478,0.9972199999999999,1.06506,0.97384,1.1781,0.9031,1.02444,3,27,coal_ccs_vom
148,1.00854,1.55754,0.87226,1.2875200000000002,1.01794,1.01704,1.0282,1.0165199999999999,0.9863,1.0154,0.99346,1.028,1.0712,1.01148,1.2450400000000001,0.8209,1.16084,1.0277,0.99088,1.0197,0.9731,1.1253,1.1427,1.06868,1.027,1.17362,0.80914,1.2143,0.9986,1.3223,0.9630000000000001,1.3229600000000001,0.95478,0.9972199999999999,1.06506,0.97384,1.1781,0.9031,1.02444,3,28,coal_igcc_fom
149,1.00854,1.55754,0.87226,1.2875200000000002,1.01794,1.01704,1.0282,1.0165199999999999,0.9863,1.0154,0.99346,1.028,1.0712,1.01148,1.2450400000000001,0.8209,1.16084,1.0277,0.99088,1.0197,0.9731,1.1253,1.1427,1.06868,1.027,1.17362,0.80914,1.2143,0.9986,1.3223,1.0884,1.3229600000000001,0.95478,0.9972199999999999,1.06506,0.97384,1.1781,0.9031,1.02444,3,29,offshore_wind_fixed_fixed_oandm
150,1.00854,1.55754,0.87226,1.2875200000000002,1.01794,1.01704,1.0282,1.0165199999999999,0.9863,1.0154,0.99346,1.028,1.0712,1.01148,1.2450400000000001,0.8209,1.16084,1.0277,0.99088,1.0197,0.9731,1.1253,1.1427,1.06868,1.027,1.17362,0.80914,1.2143,0.9986,1.3223,1.0884,1.3229600000000001,0.95478,1.0634,1.06506,0.97384,1.1781,0.9031,1.02444,3,30,onshore_wind_cf_mult
151,1.00854,1.55754,0.87226,1.2875200000000002,1.01794,1.01704,1.0282,1.0165199999999999,0.9863,1.0154,0.99346,1.028,1.0712,1.01148,1.2450400000000001,0.8209,1.16084,1.0277,0.99088,1.0197,0.9731,1.1253,1.1427,1.06868,1.027,1.17362,0.80914,1.2143,1.0529,1.3223,1.0884,1.3229600000000001,0.95478,1.0634,1.06506,0.97384,1.1781,0.9031,1.02444,3,31,cf_mult_shared_offshore_wind_fixed_and_floating
152,1.00854,1.55754,0.87226,1.2875200000000002,1.01794,1.01704,1.0282,1.0165199999999999,0.9863,1.0154,0.99346,1.028,1.0712,1.01148,1.2450400000000001,0.8209,1.16084,1.0277,0.99088,1.0197,0.9731,1.1253,1.1427,1.06868,1.027,1.17362,0.80914,1.2143,1.0529,1.3223,1.0884,1.3229600000000001,1.0768199999999999,1.0634,1.06506,0.97384,1.1781,0.9031,1.02444,3,32,offshore_wind_floating_fixed_oandm
153,1.00854,1.55754,0.87226,1.2875200000000002,1.01794,1.01704,1.0282,1.0165199999999999,1.0139,1.0154,0.99346,1.028,1.0712,1.01148,1.2450400000000001,0.8209,1.16084,1.0277,0.99088,1.0197,0.9731,1.1253,1.1427,1.06868,1.027,1.17362,0.80914,1.2143,1.0529,1.3223,1.0884,1.3229600000000001,1.0768199999999999,1.0634,1.06506,0.97384,1.1781,0.9031,1.02444,3,33,coal_new_fom
154,1.00854,1.55754,0.87226,1.2875200000000002,1.01794,1.01704,1.0282,1.0165199999999999,1.0139,1.0154,0.99346,1.028,1.0712,1.01148,1.2450400000000001,0.8209,1.16084,1.0277,0.99088,1.0197,0.9731,1.1253,1.1427,1.06868,1.027,1.17362,1.07656,1.2143,1.0529,1.3223,1.0884,1.3229600000000001,1.0768199999999999,1.0634,1.06506,0.97384,1.1781,0.9031,1.02444,3,34,nuclear_fom
155,1.00854,1.55754,0.87226,1.2875200000000002,1.01794,1.01704,1.0282,1.0165199999999999,1.0139,1.0154,0.99346,1.028,1.0712,1.01148,1.2450400000000001,1.13548,1.16084,1.0277,0.99088,1.0197,0.9731,1.1253,1.1427,1.06868,1.027,1.17362,1.07656,1.2143,1.0529,1.3223,1.0884,1.3229600000000001,1.0768199999999999,1.0634,1.06506,0.97384,1.1781,0.9031,1.02444,3,35,csp_fom
156,1.00854,1.55754,0.87226,1.2875200000000002,1.01794,1.01704,1.0282,1.0165199999999999,1.0139,1.0154,0.99346,1.028,1.0712,1.01148,1.2450400000000001,1.13548,1.16084,1.0277,1.0522,1.0197,0.9731,1.1253,1.1427,1.06868,1.027,1.17362,1.07656,1.2143,1.0529,1.3223,1.0884,1.3229600000000001,1.0768199999999999,1.0634,1.06506,0.97384,1.1781,0.9031,1.02444,3,36,gas_cc_fom
157,1.00854,1.55754,0.87226,1.2875200000000002,1.01794,1.01704,1.0282,1.0165199999999999,1.0139,1.0154,0.99346,1.028,1.0712,1.01148,1.2450400000000001,1.13548,1.16084,1.0277,1.0522,1.0197,0.9731,1.1253,1.1427,1.06868,1.027,1.17362,1.07656,1.2143,1.0529,1.3223,1.0884,1.3229600000000001,1.0768199999999999,1.0634,1.06506,0.97384,1.1781,1.04116,1.02444,3,37,upv_fom
158,1.00854,1.55754,0.87226,1.2875200000000002,1.01794,1.01704,1.0282,1.0165199999999999,1.0139,1.0154,0.99346,1.028,1.0712,1.01148,1.2450400000000001,1.13548,1.16084,1.0277,1.0522,1.0197,1.00544,1.1253,1.1427,1.06868,1.027,1.17362,1.07656,1.2143,1.0529,1.3223,1.0884,1.3229600000000001,1.0768199999999999,1.0634,1.06506,0.97384,1.1781,1.04116,1.02444,3,38,gas_cc_heatrate
159,1.00854,1.55754,0.87226,1.2875200000000002,1.01794,1.01704,1.0282,1.0165199999999999,1.0139,1.0154,1.0327,1.028,1.0712,1.01148,1.2450400000000001,1.13548,1.16084,1.0277,1.0522,1.0197,1.00544,1.1253,1.1427,1.06868,1.027,1.17362,1.07656,1.2143,1.0529,1.3223,1.0884,1.3229600000000001,1.0768199999999999,1.0634,1.06506,0.97384,1.1781,1.04116,1.02444,3,39,coal_ccs_capcost
160,0.9579,0.6729,0.76564,1.04996,0.9709,0.99472,0.99472,0.98448,0.9771,0.9853,0.9673,0.9721,0.98576,0.96396,0.94588,0.8209,1.09826,0.98346,0.97044,0.9807,0.9731,0.8747,0.8572,0.93152,0.955,1.03488,0.72,0.78574,0.9624,0.7848,0.9212,0.85004,0.99546,0.9972199999999999,1.02284,0.8724799999999999,0.9489,0.99514,0.98172,4,0,
161,0.9579,0.6729,0.76564,1.04996,0.9709,0.99472,0.99472,0.98448,0.9771,0.9853,0.9673,0.9721,0.98576,0.96396,0.94588,0.8209,1.286,0.98346,0.97044,0.9807,0.9731,0.8747,0.8572,0.93152,0.955,1.03488,0.72,0.78574,0.9624,0.7848,0.9212,0.85004,0.99546,0.9972199999999999,1.02284,0.8724799999999999,0.9489,0.99514,0.98172,4,1,csp_vom
162,0.9579,0.6729,0.76564,1.04996,0.9709,0.99472,0.99472,0.98448,0.9771,0.9853,0.9673,0.9721,0.98576,0.96396,0.94588,0.8209,1.286,0.98346,0.97044,0.9807,0.9731,0.8747,0.8572,0.93152,0.955,1.03488,0.72,0.78574,0.9624,0.7848,0.9212,0.85004,0.99546,0.9972199999999999,1.02284,1.0245199999999999,0.9489,0.99514,0.98172,4,2,onshore_wind_fixed_oandm_kw_yr
163,0.9579,0.6729,0.76564,1.04996,0.9709,0.99472,0.99472,0.98448,0.9771,0.9853,0.9673,0.9721,0.98576,0.96396,0.94588,0.8209,1.286,0.98346,0.97044,0.9807,0.9731,0.8747,0.8572,0.93152,0.955,1.03488,0.72,0.78574,0.9624,0.7848,1.0466000000000002,0.85004,0.99546,0.9972199999999999,1.02284,1.0245199999999999,0.9489,0.99514,0.98172,4,3,offshore_wind_fixed_fixed_oandm
164,0.9579,0.6729,0.76564,1.04996,0.9709,0.99472,0.99472,0.98448,0.9771,0.9853,0.9673,0.9721,0.98576,0.96396,0.94588,0.8209,1.286,0.98346,0.97044,0.9807,0.9731,0.8747,0.8572,0.93152,0.955,1.03488,0.72,0.78574,0.9624,0.7848,1.0466000000000002,0.85004,0.99546,0.9972199999999999,1.02284,1.0245199999999999,0.9489,1.1332,0.98172,4,4,upv_fom
165,0.9579,0.6729,0.76564,1.04996,0.9709,0.99472,0.99472,0.98448,0.9771,0.9853,0.9673,0.9721,0.98576,0.96396,0.94588,0.8209,1.286,0.98346,0.97044,0.9807,0.9731,0.8747,0.8572,0.93152,0.955,1.03488,0.72,0.78574,0.9624,0.7848,1.0466000000000002,0.85004,0.99546,0.9972199999999999,1.02284,1.0245199999999999,0.9489,1.1332,1.0458,4,5,upv_cf_improvement
166,0.9579,0.6729,0.76564,1.04996,0.9709,0.99472,0.99472,0.98448,0.9771,0.9853,0.9673,0.9721,0.98576,0.96396,0.94588,0.8209,1.286,0.98346,0.97044,0.9807,0.9731,0.8747,0.8572,0.93152,0.955,1.03488,0.72,0.78574,0.9624,1.1073,1.0466000000000002,0.85004,0.99546,0.9972199999999999,1.02284,1.0245199999999999,0.9489,1.1332,1.0458,4,6,offshore_wind_fixed_overnight_cap_cost
167,0.9579,0.6729,0.76564,1.04996,0.9709,0.99472,0.99472,0.98448,0.9771,0.9853,0.9673,0.9721,0.98576,0.96396,0.94588,0.8209,1.286,0.98346,0.97044,0.9807,0.9731,0.8747,0.8572,0.93152,0.955,1.03488,0.72,0.78574,0.9624,1.1073,1.0466000000000002,0.85004,0.99546,1.0634,1.02284,1.0245199999999999,0.9489,1.1332,1.0458,4,7,onshore_wind_cf_mult
168,0.9579,0.6729,0.76564,1.04996,0.9709,0.99472,0.99472,0.98448,0.9771,0.9853,0.9673,0.9721,0.98576,0.96396,0.94588,0.8209,1.286,1.01664,0.97044,0.9807,0.9731,0.8747,0.8572,0.93152,0.955,1.03488,0.72,0.78574,0.9624,1.1073,1.0466000000000002,0.85004,0.99546,1.0634,1.02284,1.0245199999999999,0.9489,1.1332,1.0458,4,8,gas_cc_capcost
169,0.9579,0.6729,0.76564,1.04996,0.9709,0.99472,0.99472,0.98448,0.9771,0.9853,0.9673,0.9721,0.98576,0.96396,1.3946200000000002,0.8209,1.286,1.01664,0.97044,0.9807,0.9731,0.8747,0.8572,0.93152,0.955,1.03488,0.72,0.78574,0.9624,1.1073,1.0466000000000002,0.85004,0.99546,1.0634,1.02284,1.0245199999999999,0.9489,1.1332,1.0458,4,9,csp_capcost
170,0.9579,0.6729,0.76564,1.04996,0.9709,0.99472,0.99472,0.98448,0.9771,0.9853,0.9673,0.9721,0.98576,0.96396,1.3946200000000002,0.8209,1.286,1.01664,0.97044,0.9807,0.9731,0.8747,1.0285,0.93152,0.955,1.03488,0.72,0.78574,0.9624,1.1073,1.0466000000000002,0.85004,0.99546,1.0634,1.02284,1.0245199999999999,0.9489,1.1332,1.0458,4,10,gas_ccs_fom
171,0.9579,0.6729,0.76564,1.04996,0.9709,0.99472,0.99472,0.98448,0.9771,0.9853,0.9673,0.9721,1.0712,0.96396,1.3946200000000002,0.8209,1.286,1.01664,0.97044,0.9807,0.9731,0.8747,1.0285,0.93152,0.955,1.03488,0.72,0.78574,0.9624,1.1073,1.0466000000000002,0.85004,0.99546,1.0634,1.02284,1.0245199999999999,0.9489,1.1332,1.0458,4,11,coal_ccs_vom
172,0.9579,0.6729,0.76564,1.04996,0.9709,0.99472,0.99472,0.98448,0.9771,0.9853,0.9673,0.9721,1.0712,0.96396,1.3946200000000002,1.13548,1.286,1.01664,0.97044,0.9807,0.9731,0.8747,1.0285,0.93152,0.955,1.03488,0.72,0.78574,0.9624,1.1073,1.0466000000000002,0.85004,0.99546,1.0634,1.02284,1.0245199999999999,0.9489,1.1332,1.0458,4,12,csp_fom
173,0.9579,0.6729,0.76564,1.04996,0.9709,0.99472,0.99472,0.98448,0.9771,0.9853,0.9673,0.9721,1.0712,0.96396,1.3946200000000002,1.13548,1.286,1.01664,0.97044,0.9807,0.9731,0.8747,1.0285,0.93152,0.955,1.03488,0.72,1.10716,0.9624,1.1073,1.0466000000000002,0.85004,0.99546,1.0634,1.02284,1.0245199999999999,0.9489,1.1332,1.0458,4,13,nuclear_vom
174,0.9579,0.6729,0.76564,1.04996,1.00618,0.99472,0.99472,0.98448,0.9771,0.9853,0.9673,0.9721,1.0712,0.96396,1.3946200000000002,1.13548,1.286,1.01664,0.97044,0.9807,0.9731,0.8747,1.0285,0.93152,0.955,1.03488,0.72,1.10716,0.9624,1.1073,1.0466000000000002,0.85004,0.99546,1.0634,1.02284,1.0245199999999999,0.9489,1.1332,1.0458,4,14,coal_igcc_capcost
175,0.9579,0.6729,0.76564,1.04996,1.00618,0.99472,0.99472,0.98448,0.9771,0.9853,0.9673,0.9721,1.0712,1.03524,1.3946200000000002,1.13548,1.286,1.01664,0.97044,0.9807,0.9731,0.8747,1.0285,0.93152,0.955,1.03488,0.72,1.10716,0.9624,1.1073,1.0466000000000002,0.85004,0.99546,1.0634,1.02284,1.0245199999999999,0.9489,1.1332,1.0458,4,15,coal_ccs_heatrate
176,0.9579,0.6729,0.76564,1.04996,1.00618,0.99472,0.99472,0.98448,0.9771,0.9853,0.9673,0.9721,1.0712,1.03524,1.3946200000000002,1.13548,1.286,1.01664,0.97044,0.9807,0.9731,0.8747,1.0285,0.93152,0.955,1.03488,0.72,1.10716,1.0167,1.1073,1.0466000000000002,0.85004,0.99546,1.0634,1.02284,1.0245199999999999,0.9489,1.1332,1.0458,4,16,cf_mult_shared_offshore_wind_fixed_and_floating
177,0.9579,0.6729,0.76564,1.04996,1.00618,0.99472,0.99472,0.98448,0.9771,0.9853,0.9673,0.9721,1.0712,1.03524,1.3946200000000002,1.13548,1.286,1.01664,0.97044,0.9807,0.9731,0.8747,1.0285,0.93152,0.955,1.03488,0.72,1.10716,1.0167,1.1073,1.0466000000000002,0.85004,1.1175,1.0634,1.02284,1.0245199999999999,0.9489,1.1332,1.0458,4,17,offshore_wind_floating_fixed_oandm
178,0.9579,0.6729,0.76564,1.04996,1.00618,0.99472,0.99472,0.98448,0.9771,0.9853,0.9673,0.9721,1.0712,1.03524,1.3946200000000002,1.13548,1.286,1.01664,0.97044,0.9807,0.9731,0.8747,1.0285,0.93152,0.955,1.03488,0.72,1.10716,1.0167,1.1073,1.0466000000000002,1.3229600000000001,1.1175,1.0634,1.02284,1.0245199999999999,0.9489,1.1332,1.0458,4,18,offshore_wind_floating_overnight_cap_cost
179,0.9579,0.6729,0.76564,1.04996,1.00618,0.99472,0.99472,0.98448,0.9771,0.9853,1.00654,0.9721,1.0712,1.03524,1.3946200000000002,1.13548,1.286,1.01664,0.97044,0.9807,0.9731,0.8747,1.0285,0.93152,0.955,1.03488,0.72,1.10716,1.0167,1.1073,1.0466000000000002,1.3229600000000001,1.1175,1.0634,1.02284,1.0245199999999999,0.9489,1.1332,1.0458,4,19,coal_ccs_capcost
180,0.9579,0.6729,0.76564,1.04996,1.00618,0.99472,0.99472,0.98448,0.9771,0.9853,1.00654,0.9721,1.0712,1.03524,1.3946200000000002,1.13548,1.286,1.01664,0.97044,0.9807,0.9731,0.8747,1.0285,0.93152,1.009,1.03488,0.72,1.10716,1.0167,1.1073,1.0466000000000002,1.3229600000000001,1.1175,1.0634,1.02284,1.0245199999999999,0.9489,1.1332,1.0458,4,20,gas_ccs_heatrate
181,0.9579,0.6729,0.76564,1.04996,1.00618,0.99472,0.99472,0.98448,0.9771,0.9853,1.00654,0.9721,1.0712,1.03524,1.3946200000000002,1.13548,1.286,1.01664,0.97044,0.9807,0.9731,1.02506,1.0285,0.93152,1.009,1.03488,0.72,1.10716,1.0167,1.1073,1.0466000000000002,1.3229600000000001,1.1175,1.0634,1.02284,1.0245199999999999,0.9489,1.1332,1.0458,4,21,gas_ccs_capcost
182,0.9579,0.6729,0.76564,1.04996,1.00618,0.99472,0.99472,0.98448,0.9771,0.9853,1.00654,0.9721,1.0712,1.03524,1.3946200000000002,1.13548,1.286,1.01664,0.97044,0.9807,0.9731,1.02506,1.0285,0.93152,1.009,1.4511,0.72,1.10716,1.0167,1.1073,1.0466000000000002,1.3229600000000001,1.1175,1.0634,1.02284,1.0245199999999999,0.9489,1.1332,1.0458,4,22,nuclear_capcost
183,0.9579,0.6729,0.76564,1.4063,1.00618,0.99472,0.99472,0.98448,0.9771,0.9853,1.00654,0.9721,1.0712,1.03524,1.3946200000000002,1.13548,1.286,1.01664,0.97044,0.9807,0.9731,1.02506,1.0285,0.93152,1.009,1.4511,0.72,1.10716,1.0167,1.1073,1.0466000000000002,1.3229600000000001,1.1175,1.0634,1.02284,1.0245199999999999,0.9489,1.1332,1.0458,4,23,battery_capcost_energy
184,0.9579,0.6729,0.76564,1.4063,1.00618,0.99472,0.99472,0.98448,0.9771,0.9853,1.00654,0.9721,1.0712,1.03524,1.3946200000000002,1.13548,1.286,1.01664,1.03176,0.9807,0.9731,1.02506,1.0285,0.93152,1.009,1.4511,0.72,1.10716,1.0167,1.1073,1.0466000000000002,1.3229600000000001,1.1175,1.0634,1.02284,1.0245199999999999,0.9489,1.1332,1.0458,4,24,gas_cc_fom
185,0.9579,0.6729,0.76564,1.4063,1.00618,0.99472,0.99472,0.98448,0.9771,0.9853,1.00654,0.9721,1.0712,1.03524,1.3946200000000002,1.13548,1.286,1.01664,1.03176,0.9807,0.9731,1.02506,1.0285,0.93152,1.009,1.4511,0.72,1.10716,1.0167,1.1073,1.0466000000000002,1.3229600000000001,1.1175,1.0634,1.02284,1.0245199999999999,1.1208,1.1332,1.0458,4,25,upv_capcost
186,0.9579,0.6729,1.0855,1.4063,1.00618,0.99472,0.99472,0.98448,0.9771,0.9853,1.00654,0.9721,1.0712,1.03524,1.3946200000000002,1.13548,1.286,1.01664,1.03176,0.9807,0.9731,1.02506,1.0285,0.93152,1.009,1.4511,0.72,1.10716,1.0167,1.1073,1.0466000000000002,1.3229600000000001,1.1175,1.0634,1.02284,1.0245199999999999,1.1208,1.1332,1.0458,4,26,battery_capcost
187,1.00854,0.6729,1.0855,1.4063,1.00618,0.99472,0.99472,0.98448,0.9771,0.9853,1.00654,0.9721,1.0712,1.03524,1.3946200000000002,1.13548,1.286,1.01664,1.03176,0.9807,0.9731,1.02506,1.0285,0.93152,1.009,1.4511,0.72,1.10716,1.0167,1.1073,1.0466000000000002,1.3229600000000001,1.1175,1.0634,1.02284,1.0245199999999999,1.1208,1.1332,1.0458,4,27,electricity_demand_multiplier_tx
188,1.00854,0.6729,1.0855,1.4063,1.00618,0.99472,0.99472,0.98448,0.9771,0.9853,1.00654,0.9721,1.0712,1.03524,1.3946200000000002,1.13548,1.286,1.01664,1.03176,0.9807,0.9731,1.02506,1.0285,0.93152,1.009,1.4511,0.72,1.10716,1.0167,1.1073,1.0466000000000002,1.3229600000000001,1.1175,1.0634,1.1495,1.0245199999999999,1.1208,1.1332,1.0458,4,28,onshore_wind_overnight_cap_cost_kw
189,1.00854,0.6729,1.0855,1.4063,1.00618,0.99472,0.99472,0.98448,0.9771,1.00336,1.00654,0.9721,1.0712,1.03524,1.3946200000000002,1.13548,1.286,1.01664,1.03176,0.9807,0.9731,1.02506,1.0285,0.93152,1.009,1.4511,0.72,1.10716,1.0167,1.1073,1.0466000000000002,1.3229600000000001,1.1175,1.0634,1.1495,1.0245199999999999,1.1208,1.1332,1.0458,4,29,coal_new_vom
190,1.00854,0.6729,1.0855,1.4063,1.00618,0.99472,0.99472,0.98448,0.9771,1.00336,1.00654,0.9721,1.0712,1.03524,1.3946200000000002,1.13548,1.286,1.01664,1.03176,0.9807,0.9731,1.02506,1.0285,1.06868,1.009,1.4511,0.72,1.10716,1.0167,1.1073,1.0466000000000002,1.3229600000000001,1.1175,1.0634,1.1495,1.0245199999999999,1.1208,1.1332,1.0458,4,30,gas_ccs_vom
191,1.00854,0.6729,1.0855,1.4063,1.00618,0.99472,0.99472,0.98448,1.0047,1.00336,1.00654,0.9721,1.0712,1.03524,1.3946200000000002,1.13548,1.286,1.01664,1.03176,0.9807,0.9731,1.02506,1.0285,1.06868,1.009,1.4511,0.72,1.10716,1.0167,1.1073,1.0466000000000002,1.3229600000000001,1.1175,1.0634,1.1495,1.0245199999999999,1.1208,1.1332,1.0458,4,31,coal_new_fom
192,1.00854,0.6729,1.0855,1.4063,1.00618,0.99472,1.0282,0.98448,1.0047,1.00336,1.00654,0.9721,1.0712,1.03524,1.3946200000000002,1.13548,1.286,1.01664,1.03176,0.9807,0.9731,1.02506,1.0285,1.06868,1.009,1.4511,0.72,1.10716,1.0167,1.1073,1.0466000000000002,1.3229600000000001,1.1175,1.0634,1.1495,1.0245199999999999,1.1208,1.1332,1.0458,4,32,coal_igcc_vom
193,1.00854,0.6729,1.0855,1.4063,1.00618,0.99472,1.0282,0.98448,1.0047,1.00336,1.00654,0.9721,1.0712,1.03524,1.3946200000000002,1.13548,1.286,1.01664,1.03176,1.0197,0.9731,1.02506,1.0285,1.06868,1.009,1.4511,0.72,1.10716,1.0167,1.1073,1.0466000000000002,1.3229600000000001,1.1175,1.0634,1.1495,1.0245199999999999,1.1208,1.1332,1.0458,4,33,gas_cc_vom
194,1.00854,1.3363800000000001,1.0855,1.4063,1.00618,0.99472,1.0282,0.98448,1.0047,1.00336,1.00654,0.9721,1.0712,1.03524,1.3946200000000002,1.13548,1.286,1.01664,1.03176,1.0197,0.9731,1.02506,1.0285,1.06868,1.009,1.4511,0.72,1.10716,1.0167,1.1073,1.0466000000000002,1.3229600000000001,1.1175,1.0634,1.1495,1.0245199999999999,1.1208,1.1332,1.0458,4,34,natural_gas_price_west_south_central
195,1.00854,1.3363800000000001,1.0855,1.4063,1.00618,1.0282,1.0282,0.98448,1.0047,1.00336,1.00654,0.9721,1.0712,1.03524,1.3946200000000002,1.13548,1.286,1.01664,1.03176,1.0197,0.9731,1.02506,1.0285,1.06868,1.009,1.4511,0.72,1.10716,1.0167,1.1073,1.0466000000000002,1.3229600000000001,1.1175,1.0634,1.1495,1.0245199999999999,1.1208,1.1332,1.0458,4,35,coal_igcc_fom
196,1.00854,1.3363800000000001,1.0855,1.4063,1.00618,1.0282,1.0282,0.98448,1.0047,1.00336,1.00654,0.9721,1.0712,1.03524,1.3946200000000002,1.13548,1.286,1.01664,1.03176,1.0197,0.9731,1.02506,1.0285,1.06868,1.009,1.4511,0.98742,1.10716,1.0167,1.1073,1.0466000000000002,1.3229600000000001,1.1175,1.0634,1.1495,1.0245199999999999,1.1208,1.1332,1.0458,4,36,nuclear_fom
197,1.00854,1.3363800000000001,1.0855,1.4063,1.00618,1.0282,1.0282,0.98448,1.0047,1.00336,1.00654,0.9721,1.0712,1.03524,1.3946200000000002,1.13548,1.286,1.01664,1.03176,1.0197,1.00544,1.02506,1.0285,1.06868,1.009,1.4511,0.98742,1.10716,1.0167,1.1073,1.0466000000000002,1.3229600000000001,1.1175,1.0634,1.1495,1.0245199999999999,1.1208,1.1332,1.0458,4,37,gas_cc_heatrate
198,1.00854,1.3363800000000001,1.0855,1.4063,1.00618,1.0282,1.0282,1.0165199999999999,1.0047,1.00336,1.00654,0.9721,1.0712,1.03524,1.3946200000000002,1.13548,1.286,1.01664,1.03176,1.0197,1.00544,1.02506,1.0285,1.06868,1.009,1.4511,0.98742,1.10716,1.0167,1.1073,1.0466000000000002,1.3229600000000001,1.1175,1.0634,1.1495,1.0245199999999999,1.1208,1.1332,1.0458,4,38,coal_new_capcost
199,1.00854,1.3363800000000001,1.0855,1.4063,1.00618,1.0282,1.0282,1.0165199999999999,1.0047,1.00336,1.00654,1.00564,1.0712,1.03524,1.3946200000000002,1.13548,1.286,1.01664,1.03176,1.0197,1.00544,1.02506,1.0285,1.06868,1.009,1.4511,0.98742,1.10716,1.0167,1.1073,1.0466000000000002,1.3229600000000001,1.1175,1.0634,1.1495,1.0245199999999999,1.1208,1.1332,1.0458,4,39,coal_ccs_fom
